date,temperature_2m_mean,precipitation_sum,soil_moisture_28_to_100cm_mean,name
2025-01-01 00:00:00+00:00,25.665937,7.5,0.38069788,Sabah
2025-01-02 00:00:00+00:00,25.88052,16.900002,0.3803229,Sabah
2025-01-03 00:00:00+00:00,25.36177,8.075,0.38067707,Sabah
2025-01-04 00:00:00+00:00,24.870106,7.3,0.3815104,Sabah
2025-01-05 00:00:00+00:00,24.941456,16.0,0.38240623,Sabah
2025-01-06 00:00:00+00:00,26.123228,1.6,0.38040623,Sabah
2025-01-07 00:00:00+00:00,25.135727,15.525001,0.37864584,Sabah
2025-01-08 00:00:00+00:00,24.644062,24.375,0.37780207,Sabah
2025-01-09 00:00:00+00:00,25.380001,17.400002,0.38081247,Sabah
2025-01-10 00:00:00+00:00,25.559689,18.875002,0.38151044,Sabah
2025-01-11 00:00:00+00:00,24.670107,25.475,0.3839063,Sabah
2025-01-12 00:00:00+00:00,25.183645,11.275,0.38660422,Sabah
2025-01-13 00:00:00+00:00,25.11125,23.675001,0.38956252,Sabah
2025-01-14 00:00:00+00:00,25.714895,4.825,0.38868746,Sabah
2025-01-15 00:00:00+00:00,24.08677,18.825,0.3867188,Sabah
2025-01-16 00:00:00+00:00,24.463854,22.675,0.3905833,Sabah
2025-01-17 00:00:00+00:00,24.59302,11.625001,0.3921146,Sabah
2025-01-18 00:00:00+00:00,26.112812,1.4000001,0.38940623,Sabah
2025-01-19 00:00:00+00:00,26.19146,2.825,0.3877084,Sabah
2025-01-20 00:00:00+00:00,25.666458,7.225001,0.3857604,Sabah
2025-01-21 00:00:00+00:00,24.804998,19.35,0.3844583,Sabah
2025-01-22 00:00:00+00:00,24.276354,15.700001,0.38990623,Sabah
2025-01-23 00:00:00+00:00,24.672188,8.225,0.39740622,Sabah
2025-01-24 00:00:00+00:00,24.559164,31.075,0.40184376,Sabah
2025-01-25 00:00:00+00:00,25.595627,8.25,0.40165624,Sabah
2025-01-26 00:00:00+00:00,24.23677,28.675,0.40744793,Sabah
2025-01-27 00:00:00+00:00,24.458124,16.650003,0.41135412,Sabah
2025-01-28 00:00:00+00:00,23.89823,33.425,0.41176042,Sabah
2025-01-29 00:00:00+00:00,23.527916,36.725,0.4100417,Sabah
2025-01-30 00:00:00+00:00,24.657604,10.875,0.40194798,Sabah
2025-01-31 00:00:00+00:00,24.701355,9.424999,0.39735416,Sabah
2025-02-01 00:00:00+00:00,24.414898,25.275,0.39296877,Sabah
2025-02-02 00:00:00+00:00,25.606562,1.4499999,0.38944793,Sabah
2025-02-03 00:00:00+00:00,25.02427,6.7999997,0.3860625,Sabah
2025-02-04 00:00:00+00:00,24.340416,8.349999,0.38546872,Sabah
2025-02-05 00:00:00+00:00,24.097708,13.200001,0.38672918,Sabah
2025-02-06 00:00:00+00:00,24.423752,24.275,0.38970834,Sabah
2025-02-07 00:00:00+00:00,24.686771,15.3,0.39981252,Sabah
2025-02-08 00:00:00+00:00,24.351875,6.425,0.40053123,Sabah
2025-02-09 00:00:00+00:00,25.130001,20.475002,0.39858335,Sabah
2025-02-10 00:00:00+00:00,25.14198,16.875,0.39906248,Sabah
2025-02-11 00:00:00+00:00,25.5925,1.775,0.40092707,Sabah
2025-02-12 00:00:00+00:00,25.502396,8.05,0.39800003,Sabah
2025-02-13 00:00:00+00:00,25.855522,1.575,0.39490625,Sabah
2025-02-14 00:00:00+00:00,26.304998,0.25,0.39018753,Sabah
2025-02-15 00:00:00+00:00,26.105522,1.375,0.38621876,Sabah
2025-02-16 00:00:00+00:00,25.133646,8.625001,0.37678123,Sabah
2025-02-17 00:00:00+00:00,23.929998,20.575,0.37391663,Sabah
2025-02-18 00:00:00+00:00,25.151875,8.900001,0.3814584,Sabah
2025-02-19 00:00:00+00:00,24.797709,14.975001,0.38589588,Sabah
2025-02-20 00:00:00+00:00,25.306562,15.200001,0.39011455,Sabah
2025-02-21 00:00:00+00:00,25.083645,15.375002,0.39044797,Sabah
2025-02-22 00:00:00+00:00,24.363852,23.375,0.39248958,Sabah
2025-02-23 00:00:00+00:00,25.770105,1.5249999,0.39383334,Sabah
2025-02-24 00:00:00+00:00,25.729479,5.6,0.39452082,Sabah
2025-02-25 00:00:00+00:00,24.257084,24.275002,0.40114582,Sabah
2025-02-26 00:00:00+00:00,24.621666,8.6,0.4074583,Sabah
2025-02-27 00:00:00+00:00,25.233126,7.4250007,0.408375,Sabah
2025-02-28 00:00:00+00:00,25.645105,3.55,0.4078021,Sabah
2025-03-01 00:00:00+00:00,24.67479,7.0249996,0.40754166,Sabah
2025-03-02 00:00:00+00:00,26.002396,0.0,0.40603128,Sabah
2025-03-03 00:00:00+00:00,26.421146,1.275,0.4026355,Sabah
2025-03-04 00:00:00+00:00,26.318544,17.175,0.39861456,Sabah
2025-03-05 00:00:00+00:00,25.621145,14.550001,0.40414584,Sabah
2025-03-06 00:00:00+00:00,24.753437,13.300001,0.4094375,Sabah
2025-03-07 00:00:00+00:00,25.397709,12.025001,0.41264588,Sabah
2025-03-08 00:00:00+00:00,24.606043,21.500002,0.41347924,Sabah
2025-03-09 00:00:00+00:00,24.72896,4.225,0.41420835,Sabah
2025-03-10 00:00:00+00:00,25.214376,11.575001,0.41491675,Sabah
2025-03-11 00:00:00+00:00,25.693542,5.4999995,0.41264585,Sabah
2025-03-12 00:00:00+00:00,25.133646,5.2,0.40992713,Sabah
2025-03-13 00:00:00+00:00,26.497707,0.47500005,0.40484375,Sabah
2025-03-14 00:00:00+00:00,26.56698,1.925,0.40028128,Sabah
2025-03-15 00:00:00+00:00,26.953959,3.225,0.39349997,Sabah
2025-03-16 00:00:00+00:00,25.475832,11.225,0.38640624,Sabah
2025-03-17 00:00:00+00:00,24.446667,13.050001,0.38365626,Sabah
2025-03-18 00:00:00+00:00,25.059166,11.275001,0.38517705,Sabah
2025-03-19 00:00:00+00:00,24.661251,36.375,0.3944896,Sabah
2025-03-20 00:00:00+00:00,23.833126,49.75,0.41129163,Sabah
2025-03-21 00:00:00+00:00,24.174793,21.35,0.41420835,Sabah
2025-03-22 00:00:00+00:00,23.525833,56.699997,0.41689578,Sabah
2025-03-23 00:00:00+00:00,24.515415,18.050001,0.40927085,Sabah
2025-03-24 00:00:00+00:00,24.38573,23.025,0.41051042,Sabah
2025-03-25 00:00:00+00:00,24.986252,13.200001,0.40860415,Sabah
2025-03-26 00:00:00+00:00,25.700834,6.575,0.40381244,Sabah
2025-03-27 00:00:00+00:00,25.791979,12.85,0.39902085,Sabah
2025-03-28 00:00:00+00:00,26.606045,12.95,0.39452082,Sabah
2025-03-29 00:00:00+00:00,25.982082,6.8749995,0.3902396,Sabah
2025-03-30 00:00:00+00:00,25.768543,20.349998,0.38680205,Sabah
2025-03-31 00:00:00+00:00,24.945623,10.375,0.38525,Sabah
2025-04-01 00:00:00+00:00,25.69875,9.5,0.38585418,Sabah
2025-04-02 00:00:00+00:00,24.827915,8.225,0.38496873,Sabah
2025-04-03 00:00:00+00:00,26.268543,1.275,0.38366663,Sabah
2025-04-04 00:00:00+00:00,25.221148,7.4750004,0.38289586,Sabah
2025-04-05 00:00:00+00:00,25.910208,2.85,0.38046876,Sabah
2025-04-06 00:00:00+00:00,24.713852,16.925001,0.38261458,Sabah
2025-04-07 00:00:00+00:00,26.223232,1.8750001,0.3847292,Sabah
2025-04-08 00:00:00+00:00,26.052395,10.625001,0.38469797,Sabah
2025-04-09 00:00:00+00:00,25.43,14.325,0.3864896,Sabah
2025-04-10 00:00:00+00:00,25.545105,7.6,0.38612497,Sabah
2025-04-11 00:00:00+00:00,26.108643,3.5750003,0.38480207,Sabah
2025-04-12 00:00:00+00:00,26.586771,4.2,0.38127083,Sabah
2025-04-13 00:00:00+00:00,25.437813,15.350001,0.37923956,Sabah
2025-04-14 00:00:00+00:00,25.235209,11.575001,0.37813544,Sabah
2025-04-15 00:00:00+00:00,25.600834,11.450002,0.3796146,Sabah
2025-04-16 00:00:00+00:00,25.756042,15.25,0.38024998,Sabah
2025-04-17 00:00:00+00:00,25.555,4.725,0.37679172,Sabah
2025-04-18 00:00:00+00:00,26.806042,0.47500002,0.3738334,Sabah
2025-04-19 00:00:00+00:00,26.339895,3.3000002,0.37355208,Sabah
2025-04-20 00:00:00+00:00,26.85552,2.6499999,0.37169793,Sabah
2025-04-21 00:00:00+00:00,25.613853,23.8,0.37055203,Sabah
2025-04-22 00:00:00+00:00,25.253437,17.099998,0.37145832,Sabah
2025-04-23 00:00:00+00:00,24.738853,16.85,0.37601042,Sabah
2025-04-24 00:00:00+00:00,26.026875,2.9500003,0.37867707,Sabah
2025-04-25 00:00:00+00:00,25.307083,2.6,0.38053125,Sabah
2025-04-26 00:00:00+00:00,25.666458,5.9,0.38120833,Sabah
2025-04-27 00:00:00+00:00,25.447187,14.275001,0.38047913,Sabah
2025-04-28 00:00:00+00:00,25.127394,6.55,0.382073,Sabah
2025-04-29 00:00:00+00:00,25.792501,9.625,0.3841354,Sabah
2025-04-30 00:00:00+00:00,25.840939,7.8,0.39167708,Sabah
2025-05-01 00:00:00+00:00,25.763334,13.725,0.39263546,Sabah
2025-05-02 00:00:00+00:00,25.447708,13.2,0.39441666,Sabah
2025-05-03 00:00:00+00:00,25.564375,13.449999,0.39916664,Sabah
2025-05-04 00:00:00+00:00,26.098228,11.95,0.4003125,Sabah
2025-05-05 00:00:00+00:00,26.351873,6.925,0.4003438,Sabah
2025-05-06 00:00:00+00:00,25.686771,15.85,0.40340623,Sabah
2025-05-07 00:00:00+00:00,26.40552,7.9750004,0.40419796,Sabah
2025-05-08 00:00:00+00:00,26.40448,3.8000004,0.40472916,Sabah
2025-05-09 00:00:00+00:00,26.164896,9.875,0.40434375,Sabah
2025-05-10 00:00:00+00:00,25.628437,13.8,0.4046771,Sabah
2025-05-11 00:00:00+00:00,25.756561,10.05,0.40263546,Sabah
2025-05-12 00:00:00+00:00,25.604479,15.125,0.40471876,Sabah
2025-05-13 00:00:00+00:00,26.015415,9.25,0.40643752,Sabah
2025-05-14 00:00:00+00:00,25.950834,9.650001,0.40723962,Sabah
2025-05-15 00:00:00+00:00,26.091982,15.325001,0.4083855,Sabah
2025-05-16 00:00:00+00:00,25.97375,9.275,0.40851045,Sabah
2025-05-17 00:00:00+00:00,26.612293,6.3999996,0.4075104,Sabah
2025-05-18 00:00:00+00:00,25.627396,14.025001,0.40814582,Sabah
2025-05-19 00:00:00+00:00,25.56646,8.025001,0.40990618,Sabah
2025-05-20 00:00:00+00:00,25.602396,22.775002,0.41503125,Sabah
2025-05-21 00:00:00+00:00,25.137291,5.8500004,0.4169896,Sabah
2025-05-22 00:00:00+00:00,25.831564,17.325,0.4179271,Sabah
2025-05-23 00:00:00+00:00,26.247189,8.325001,0.4174062,Sabah
2025-05-24 00:00:00+00:00,26.10552,5.85,0.41864583,Sabah
2025-05-25 00:00:00+00:00,26.007607,11.950001,0.4202813,Sabah
2025-05-26 00:00:00+00:00,26.275833,15.549999,0.4224375,Sabah
2025-05-27 00:00:00+00:00,25.548227,14.874999,0.42751035,Sabah
2025-05-28 00:00:00+00:00,26.008125,17.85,0.42963544,Sabah
2025-05-29 00:00:00+00:00,26.240938,2.5249999,0.4313125,Sabah
2025-05-30 00:00:00+00:00,26.500832,9.275001,0.43211463,Sabah
2025-05-31 00:00:00+00:00,25.807085,14.625,0.43406254,Sabah
2025-06-01 00:00:00+00:00,25.832085,18.325,0.43496874,Sabah
2025-06-02 00:00:00+00:00,26.700312,3.0249999,0.43351042,Sabah
2025-06-03 00:00:00+00:00,25.68625,3.225,0.4330938,Sabah
2025-06-04 00:00:00+00:00,25.03677,10.85,0.43303132,Sabah
2025-06-05 00:00:00+00:00,25.483124,12.25,0.43351045,Sabah
2025-06-06 00:00:00+00:00,25.736248,12.0,0.4367916,Sabah
2025-06-07 00:00:00+00:00,25.163334,15.65,0.4361875,Sabah
2025-06-08 00:00:00+00:00,26.195105,6.1749997,0.43440625,Sabah
2025-06-09 00:00:00+00:00,26.334686,1.2249999,0.43377078,Sabah
2025-06-10 00:00:00+00:00,26.932604,4.875,0.431875,Sabah
2025-06-11 00:00:00+00:00,25.855,12.4,0.4307083,Sabah
2025-06-12 00:00:00+00:00,26.114895,1.9499999,0.42977086,Sabah
2025-06-13 00:00:00+00:00,27.248753,0.25,0.42736462,Sabah
2025-06-14 00:00:00+00:00,26.374271,8.549999,0.42536458,Sabah
2025-06-15 00:00:00+00:00,24.389894,8.2,0.4252188,Sabah
2025-06-16 00:00:00+00:00,26.340939,2.5,0.42491668,Sabah
2025-06-17 00:00:00+00:00,26.624271,5.275,0.4230625,Sabah
2025-06-18 00:00:00+00:00,25.326876,12.825,0.42175,Sabah
2025-06-19 00:00:00+00:00,24.66333,33.424995,0.4261875,Sabah
2025-06-20 00:00:00+00:00,24.699272,19.300001,0.4308855,Sabah
2025-06-21 00:00:00+00:00,24.023232,14.6,0.44050002,Sabah
2025-06-22 00:00:00+00:00,25.263853,3.65,0.43961465,Sabah
2025-06-23 00:00:00+00:00,26.025312,1.35,0.43805206,Sabah
2025-06-24 00:00:00+00:00,25.978437,4.7250004,0.43548962,Sabah
2025-06-25 00:00:00+00:00,26.311771,3.5000002,0.43286455,Sabah
2025-06-26 00:00:00+00:00,26.06698,1.8000001,0.4306562,Sabah
2025-06-27 00:00:00+00:00,26.146664,0.8249999,0.42808336,Sabah
2025-06-28 00:00:00+00:00,26.215939,2.05,0.42482293,Sabah
2025-06-29 00:00:00+00:00,25.683125,11.25,0.42209375,Sabah
2025-06-30 00:00:00+00:00,25.90604,0.95,0.42069793,Sabah
2025-07-01 00:00:00+00:00,26.738853,2.35,0.41845828,Sabah
2025-07-02 00:00:00+00:00,25.518541,13.800001,0.42004162,Sabah
2025-07-03 00:00:00+00:00,26.333647,4.825,0.42038542,Sabah
2025-07-04 00:00:00+00:00,26.394066,4.8,0.41807294,Sabah
2025-07-05 00:00:00+00:00,26.68,3.825,0.4156666,Sabah
2025-07-06 00:00:00+00:00,25.821667,18.300001,0.41707295,Sabah
2025-07-07 00:00:00+00:00,24.371145,10.25,0.41919792,Sabah
2025-07-08 00:00:00+00:00,25.953959,2.2,0.4166563,Sabah
2025-07-09 00:00:00+00:00,26.226353,2.975,0.4144166,Sabah
2025-07-10 00:00:00+00:00,26.21229,3.6000001,0.41255203,Sabah
2025-07-11 00:00:00+00:00,26.183645,3.875,0.41024998,Sabah
2025-07-12 00:00:00+00:00,25.56854,12.15,0.40929168,Sabah
2025-07-13 00:00:00+00:00,26.188335,9.675,0.40756246,Sabah
2025-07-14 00:00:00+00:00,25.8175,14.100001,0.40800002,Sabah
2025-07-15 00:00:00+00:00,25.784687,12.049999,0.41258338,Sabah
2025-07-16 00:00:00+00:00,25.350834,2.3999999,0.42229173,Sabah
2025-07-17 00:00:00+00:00,25.814377,0.775,0.4226458,Sabah
2025-07-18 00:00:00+00:00,26.196665,0.075,0.42171878,Sabah
2025-07-19 00:00:00+00:00,27.278957,0.1,0.4197084,Sabah
2025-07-20 00:00:00+00:00,26.96021,0.2,0.41687506,Sabah
2025-07-21 00:00:00+00:00,26.465416,6.1000004,0.41409373,Sabah
2025-07-22 00:00:00+00:00,26.887814,0.025,0.41176042,Sabah
2025-07-23 00:00:00+00:00,27.439894,0.875,0.40861458,Sabah
2025-07-24 00:00:00+00:00,27.491459,0.75,0.4056875,Sabah
2025-07-25 00:00:00+00:00,26.898228,5.3500004,0.40239584,Sabah
2025-07-26 00:00:00+00:00,27.705,0.0,0.3999271,Sabah
2025-07-27 00:00:00+00:00,27.252916,0.25,0.3973229,Sabah
2025-07-28 00:00:00+00:00,27.27948,1.025,0.39348954,Sabah
2025-07-29 00:00:00+00:00,26.995625,1.15,0.39051044,Sabah
2025-07-30 00:00:00+00:00,26.996147,1.6,0.38797915,Sabah
2025-07-31 00:00:00+00:00,27.589376,0.0,0.38486457,Sabah
2025-01-01 00:00:00+00:00,25.427147,4.75,0.42252082,Sarawak
2025-01-02 00:00:00+00:00,25.666208,1.7,0.4203021,Sarawak
2025-01-03 00:00:00+00:00,25.577667,10.475,0.41751045,Sarawak
2025-01-04 00:00:00+00:00,24.64798,6.475,0.4153854,Sarawak
2025-01-05 00:00:00+00:00,24.755793,14.425,0.41418755,Sarawak
2025-01-06 00:00:00+00:00,25.527145,8.325001,0.4117396,Sarawak
2025-01-07 00:00:00+00:00,24.39225,18.1,0.4121771,Sarawak
2025-01-08 00:00:00+00:00,24.954231,23.900002,0.4131354,Sarawak
2025-01-09 00:00:00+00:00,24.780792,20.5,0.41789585,Sarawak
2025-01-10 00:00:00+00:00,24.886002,27.525,0.42202085,Sarawak
2025-01-11 00:00:00+00:00,24.201624,40.15,0.43861458,Sarawak
2025-01-12 00:00:00+00:00,24.721418,7.425,0.45331243,Sarawak
2025-01-13 00:00:00+00:00,25.411522,29.825,0.45657295,Sarawak
2025-01-14 00:00:00+00:00,24.336,9.875,0.465,Sarawak
2025-01-15 00:00:00+00:00,25.565687,7.275,0.4640938,Sarawak
2025-01-16 00:00:00+00:00,24.093813,20.45,0.4692083,Sarawak
2025-01-17 00:00:00+00:00,25.441208,4.3999996,0.46832293,Sarawak
2025-01-18 00:00:00+00:00,26.012041,13.3,0.46755207,Sarawak
2025-01-19 00:00:00+00:00,24.384438,54.075,0.47558334,Sarawak
2025-01-20 00:00:00+00:00,25.00475,20.35,0.47931254,Sarawak
2025-01-21 00:00:00+00:00,24.91048,28.400002,0.48002085,Sarawak
2025-01-22 00:00:00+00:00,24.88496,14.750001,0.47677085,Sarawak
2025-01-23 00:00:00+00:00,24.59225,19.625,0.47639585,Sarawak
2025-01-24 00:00:00+00:00,25.012564,14.299999,0.4751875,Sarawak
2025-01-25 00:00:00+00:00,24.992249,8.825001,0.47022918,Sarawak
2025-01-26 00:00:00+00:00,23.87923,30.5,0.4699062,Sarawak
2025-01-27 00:00:00+00:00,24.472458,9.125,0.47297925,Sarawak
2025-01-28 00:00:00+00:00,23.67923,43.050003,0.47998956,Sarawak
2025-01-29 00:00:00+00:00,23.191727,36.825,0.47616667,Sarawak
2025-01-30 00:00:00+00:00,23.790167,26.425,0.47534373,Sarawak
2025-01-31 00:00:00+00:00,24.23079,24.175001,0.47657293,Sarawak
2025-02-01 00:00:00+00:00,23.757353,24.849998,0.4820521,Sarawak
2025-02-02 00:00:00+00:00,24.971416,12.975,0.47018754,Sarawak
2025-02-03 00:00:00+00:00,24.174023,23.175001,0.46774998,Sarawak
2025-02-04 00:00:00+00:00,23.893291,39.299995,0.48079172,Sarawak
2025-02-05 00:00:00+00:00,23.91777,17.975,0.47575,Sarawak
2025-02-06 00:00:00+00:00,24.175064,10.225,0.4731771,Sarawak
2025-02-07 00:00:00+00:00,24.082876,14.175001,0.47382295,Sarawak
2025-02-08 00:00:00+00:00,24.292768,10.625,0.46659377,Sarawak
2025-02-09 00:00:00+00:00,24.335999,8.6,0.45816672,Sarawak
2025-02-10 00:00:00+00:00,25.008396,2.0,0.44987503,Sarawak
2025-02-11 00:00:00+00:00,25.12923,1.6500001,0.4418646,Sarawak
2025-02-12 00:00:00+00:00,25.6235,0.70000005,0.43458334,Sarawak
2025-02-13 00:00:00+00:00,25.674023,2.3999996,0.42743748,Sarawak
2025-02-14 00:00:00+00:00,25.35631,0.55,0.4198229,Sarawak
2025-02-15 00:00:00+00:00,25.41152,1.075,0.41249996,Sarawak
2025-02-16 00:00:00+00:00,25.516209,1.475,0.40658337,Sarawak
2025-02-17 00:00:00+00:00,25.240686,6.2500005,0.40127084,Sarawak
2025-02-18 00:00:00+00:00,24.499542,12.625002,0.3926458,Sarawak
2025-02-19 00:00:00+00:00,24.705791,18.725,0.38638544,Sarawak
2025-02-20 00:00:00+00:00,24.584436,8.250001,0.38403127,Sarawak
2025-02-21 00:00:00+00:00,24.797457,17.550003,0.3816458,Sarawak
2025-02-22 00:00:00+00:00,24.664127,10.900001,0.37982288,Sarawak
2025-02-23 00:00:00+00:00,24.956312,26.2,0.38016665,Sarawak
2025-02-24 00:00:00+00:00,24.937042,11.25,0.38976038,Sarawak
2025-02-25 00:00:00+00:00,25.565166,20.175001,0.3921563,Sarawak
2025-02-26 00:00:00+00:00,24.44069,12.150001,0.40066668,Sarawak
2025-02-27 00:00:00+00:00,25.71725,4.3,0.40278125,Sarawak
2025-02-28 00:00:00+00:00,25.479752,7.675,0.40161458,Sarawak
2025-03-01 00:00:00+00:00,25.002146,8.525,0.39894795,Sarawak
2025-03-02 00:00:00+00:00,24.977146,13.1,0.39769793,Sarawak
2025-03-03 00:00:00+00:00,25.147457,16.725,0.39896876,Sarawak
2025-03-04 00:00:00+00:00,24.87923,11.150002,0.40271878,Sarawak
2025-03-05 00:00:00+00:00,25.553709,6.1,0.40502083,Sarawak
2025-03-06 00:00:00+00:00,25.055792,30.05,0.41319793,Sarawak
2025-03-07 00:00:00+00:00,23.656834,22.024998,0.43195838,Sarawak
2025-03-08 00:00:00+00:00,25.361,3.7,0.4397396,Sarawak
2025-03-09 00:00:00+00:00,25.726105,29.375,0.44023958,Sarawak
2025-03-10 00:00:00+00:00,25.39798,12.65,0.44380212,Sarawak
2025-03-11 00:00:00+00:00,26.465687,13.475,0.43990624,Sarawak
2025-03-12 00:00:00+00:00,24.92506,8.925,0.43987504,Sarawak
2025-03-13 00:00:00+00:00,26.084959,5.8,0.43901044,Sarawak
2025-03-14 00:00:00+00:00,25.344852,17.725,0.43573952,Sarawak
2025-03-15 00:00:00+00:00,25.436,11.575001,0.44196877,Sarawak
2025-03-16 00:00:00+00:00,24.408394,19.425,0.44390628,Sarawak
2025-03-17 00:00:00+00:00,24.990166,7.1750007,0.44351038,Sarawak
2025-03-18 00:00:00+00:00,24.960482,25.050001,0.44682294,Sarawak
2025-03-19 00:00:00+00:00,24.715687,53.125,0.4555625,Sarawak
2025-03-20 00:00:00+00:00,24.130789,32.275,0.46078125,Sarawak
2025-03-21 00:00:00+00:00,25.146936,8.025001,0.45955208,Sarawak
2025-03-22 00:00:00+00:00,25.637043,5.65,0.45341665,Sarawak
2025-03-23 00:00:00+00:00,25.459957,2.0,0.44795835,Sarawak
2025-03-24 00:00:00+00:00,25.024542,10.25,0.44330215,Sarawak
2025-03-25 00:00:00+00:00,25.97871,0.4,0.43935412,Sarawak
2025-03-26 00:00:00+00:00,26.402143,0.90000004,0.43545836,Sarawak
2025-03-27 00:00:00+00:00,26.999022,0.5,0.43158332,Sarawak
2025-03-28 00:00:00+00:00,26.606833,9.224999,0.42836452,Sarawak
2025-03-29 00:00:00+00:00,25.821417,5.2999997,0.42637497,Sarawak
2025-03-30 00:00:00+00:00,26.315687,22.825,0.42382288,Sarawak
2025-03-31 00:00:00+00:00,25.908394,5.75,0.423625,Sarawak
2025-04-01 00:00:00+00:00,25.391205,8.525001,0.42118746,Sarawak
2025-04-02 00:00:00+00:00,25.645895,4.3500004,0.4195313,Sarawak
2025-04-03 00:00:00+00:00,25.419334,12.875,0.4177396,Sarawak
2025-04-04 00:00:00+00:00,25.649021,18.5,0.4145729,Sarawak
2025-04-05 00:00:00+00:00,25.503708,21.300001,0.41255206,Sarawak
2025-04-06 00:00:00+00:00,24.782875,15.175,0.42091668,Sarawak
2025-04-07 00:00:00+00:00,25.894854,13.85,0.4236146,Sarawak
2025-04-08 00:00:00+00:00,24.876104,16.575,0.43214583,Sarawak
2025-04-09 00:00:00+00:00,26.082878,1.375,0.43474996,Sarawak
2025-04-10 00:00:00+00:00,26.778708,0.975,0.43415624,Sarawak
2025-04-11 00:00:00+00:00,26.442772,6.0,0.4308125,Sarawak
2025-04-12 00:00:00+00:00,26.258396,4.575,0.42663538,Sarawak
2025-04-13 00:00:00+00:00,25.476625,23.975,0.42421874,Sarawak
2025-04-14 00:00:00+00:00,24.972979,19.275002,0.4249687,Sarawak
2025-04-15 00:00:00+00:00,25.792248,3.8250003,0.42792714,Sarawak
2025-04-16 00:00:00+00:00,26.208916,6.95,0.42743754,Sarawak
2025-04-17 00:00:00+00:00,25.66829,17.575,0.42768753,Sarawak
2025-04-18 00:00:00+00:00,25.501104,6.1499996,0.43036458,Sarawak
2025-04-19 00:00:00+00:00,26.338604,4.3,0.42756253,Sarawak
2025-04-20 00:00:00+00:00,25.928188,19.175001,0.42385417,Sarawak
2025-04-21 00:00:00+00:00,25.513603,9.825,0.42608333,Sarawak
2025-04-22 00:00:00+00:00,25.751625,19.25,0.428625,Sarawak
2025-04-23 00:00:00+00:00,25.127146,8.075,0.42971873,Sarawak
2025-04-24 00:00:00+00:00,25.188606,6.125,0.43179166,Sarawak
2025-04-25 00:00:00+00:00,26.262562,1.375,0.4313124,Sarawak
2025-04-26 00:00:00+00:00,27.010477,1.4250001,0.4298646,Sarawak
2025-04-27 00:00:00+00:00,26.229229,1.425,0.4278333,Sarawak
2025-04-28 00:00:00+00:00,26.465689,4.525,0.42554167,Sarawak
2025-04-29 00:00:00+00:00,25.816729,10.549999,0.42252085,Sarawak
2025-04-30 00:00:00+00:00,26.19225,2.35,0.41990623,Sarawak
2025-05-01 00:00:00+00:00,26.781834,8.0,0.41794795,Sarawak
2025-05-02 00:00:00+00:00,24.715164,13.6,0.41646877,Sarawak
2025-05-03 00:00:00+00:00,26.313082,1.4499999,0.41412503,Sarawak
2025-05-04 00:00:00+00:00,26.963604,3.2000003,0.41228124,Sarawak
2025-05-05 00:00:00+00:00,26.727665,4.0249996,0.40920833,Sarawak
2025-05-06 00:00:00+00:00,26.907356,4.675,0.40698957,Sarawak
2025-05-07 00:00:00+00:00,26.879229,4.0,0.4042917,Sarawak
2025-05-08 00:00:00+00:00,27.662563,0.15,0.39906245,Sarawak
2025-05-09 00:00:00+00:00,27.545895,0.425,0.39482293,Sarawak
2025-05-10 00:00:00+00:00,27.242249,2.075,0.390625,Sarawak
2025-05-11 00:00:00+00:00,26.432352,9.375,0.38730207,Sarawak
2025-05-12 00:00:00+00:00,26.266209,8.275001,0.3832187,Sarawak
2025-05-13 00:00:00+00:00,26.920897,8.1,0.37852082,Sarawak
2025-05-14 00:00:00+00:00,25.783396,5.7250004,0.3800209,Sarawak
2025-05-15 00:00:00+00:00,26.28027,8.6,0.37876034,Sarawak
2025-05-16 00:00:00+00:00,26.298498,4.9750004,0.37560412,Sarawak
2025-05-17 00:00:00+00:00,26.262041,7.5249996,0.37494794,Sarawak
2025-05-18 00:00:00+00:00,26.476103,11.825001,0.3759271,Sarawak
2025-05-19 00:00:00+00:00,26.564646,7.0500007,0.3736875,Sarawak
2025-05-20 00:00:00+00:00,26.913605,2.2,0.37156248,Sarawak
2025-05-21 00:00:00+00:00,26.689123,4.8250003,0.36881247,Sarawak
2025-05-22 00:00:00+00:00,26.75423,5.1,0.36705205,Sarawak
2025-05-23 00:00:00+00:00,27.724545,1.35,0.36532295,Sarawak
2025-05-24 00:00:00+00:00,26.6485,7.35,0.36391664,Sarawak
2025-05-25 00:00:00+00:00,27.65423,0.35000002,0.3623646,Sarawak
2025-05-26 00:00:00+00:00,27.50527,8.95,0.3608229,Sarawak
2025-05-27 00:00:00+00:00,25.82246,9.950001,0.35977083,Sarawak
2025-05-28 00:00:00+00:00,26.306313,11.55,0.3588646,Sarawak
2025-05-29 00:00:00+00:00,27.242775,14.875,0.35806254,Sarawak
2025-05-30 00:00:00+00:00,25.701626,2.8,0.3643021,Sarawak
2025-05-31 00:00:00+00:00,26.851624,1.475,0.36555204,Sarawak
2025-06-01 00:00:00+00:00,26.649542,2.475,0.3647083,Sarawak
2025-06-02 00:00:00+00:00,27.42402,1.4499999,0.36275002,Sarawak
2025-06-03 00:00:00+00:00,26.168812,3.65,0.3603958,Sarawak
2025-06-04 00:00:00+00:00,25.646938,0.375,0.35979164,Sarawak
2025-06-05 00:00:00+00:00,27.393291,0.25,0.3591666,Sarawak
2025-06-06 00:00:00+00:00,26.195375,9.85,0.35779166,Sarawak
2025-06-07 00:00:00+00:00,26.39225,1.4000001,0.35631245,Sarawak
2025-06-08 00:00:00+00:00,26.791729,1.95,0.35542706,Sarawak
2025-06-09 00:00:00+00:00,27.442772,0.0,0.3549375,Sarawak
2025-06-10 00:00:00+00:00,27.389128,7.5000005,0.35290623,Sarawak
2025-06-11 00:00:00+00:00,27.171938,0.15,0.35282293,Sarawak
2025-06-12 00:00:00+00:00,28.205273,0.0,0.3520937,Sarawak
2025-06-13 00:00:00+00:00,28.601103,0.57500005,0.35017705,Sarawak
2025-06-14 00:00:00+00:00,28.430792,0.025,0.34767714,Sarawak
2025-06-15 00:00:00+00:00,28.204231,1.275,0.346125,Sarawak
2025-06-16 00:00:00+00:00,25.709957,12.3,0.34759372,Sarawak
2025-06-17 00:00:00+00:00,26.237041,12.975,0.34852082,Sarawak
2025-06-18 00:00:00+00:00,25.180271,39.300003,0.3506875,Sarawak
2025-06-19 00:00:00+00:00,24.838604,11.95,0.36785415,Sarawak
2025-06-20 00:00:00+00:00,24.5485,2.875,0.37718746,Sarawak
2025-06-21 00:00:00+00:00,26.237564,1.1500001,0.37885416,Sarawak
2025-06-22 00:00:00+00:00,26.462042,0.075,0.37820834,Sarawak
2025-06-23 00:00:00+00:00,26.947979,0.05,0.37715623,Sarawak
2025-06-24 00:00:00+00:00,27.240685,0.5,0.37553126,Sarawak
2025-06-25 00:00:00+00:00,27.801105,0.4,0.37369788,Sarawak
2025-06-26 00:00:00+00:00,26.708916,1.3249999,0.3731146,Sarawak
2025-06-27 00:00:00+00:00,26.396938,4.825,0.37119794,Sarawak
2025-06-28 00:00:00+00:00,26.547977,1.1999999,0.36897916,Sarawak
2025-06-29 00:00:00+00:00,25.632353,12.325,0.36651042,Sarawak
2025-06-30 00:00:00+00:00,26.727669,0.0,0.36412495,Sarawak
2025-07-01 00:00:00+00:00,27.494854,0.15,0.36245835,Sarawak
2025-07-02 00:00:00+00:00,26.912563,21.275,0.36085418,Sarawak
2025-07-03 00:00:00+00:00,25.845375,1.625,0.35913545,Sarawak
2025-07-04 00:00:00+00:00,27.07246,0.79999995,0.35696873,Sarawak
2025-07-05 00:00:00+00:00,27.390167,0.5,0.35546875,Sarawak
2025-07-06 00:00:00+00:00,27.19798,7.2,0.35378125,Sarawak
2025-07-07 00:00:00+00:00,24.594334,1.6500001,0.3533437,Sarawak
2025-07-08 00:00:00+00:00,26.932875,0.025,0.35238537,Sarawak
2025-07-09 00:00:00+00:00,26.752668,6.675,0.35014585,Sarawak
2025-07-10 00:00:00+00:00,25.24329,1.4000001,0.3479167,Sarawak
2025-07-11 00:00:00+00:00,27.57454,0.17500001,0.34671873,Sarawak
2025-07-12 00:00:00+00:00,27.403187,1.775,0.34645832,Sarawak
2025-07-13 00:00:00+00:00,26.74746,5.0,0.34539583,Sarawak
2025-07-14 00:00:00+00:00,26.957874,1.1,0.3428021,Sarawak
2025-07-15 00:00:00+00:00,26.395376,15.675,0.34009376,Sarawak
2025-07-16 00:00:00+00:00,25.696419,10.625,0.33805215,Sarawak
2025-07-17 00:00:00+00:00,25.396418,4.2999997,0.33768746,Sarawak
2025-07-18 00:00:00+00:00,26.338081,0.05,0.33846876,Sarawak
2025-07-19 00:00:00+00:00,27.720898,0.0,0.3381146,Sarawak
2025-07-20 00:00:00+00:00,27.72194,0.22500002,0.33682293,Sarawak
2025-07-21 00:00:00+00:00,27.41777,0.22500001,0.33417708,Sarawak
2025-07-22 00:00:00+00:00,27.812563,0.025,0.33107296,Sarawak
2025-07-23 00:00:00+00:00,28.206833,0.025,0.32964587,Sarawak
2025-07-24 00:00:00+00:00,28.338085,0.625,0.32807294,Sarawak
2025-07-25 00:00:00+00:00,27.895897,0.32500002,0.3253333,Sarawak
2025-07-26 00:00:00+00:00,28.719856,0.55,0.32504168,Sarawak
2025-07-27 00:00:00+00:00,27.702147,4.15,0.32328123,Sarawak
2025-07-28 00:00:00+00:00,28.732874,0.1,0.31895837,Sarawak
2025-07-29 00:00:00+00:00,29.3735,2.075,0.31714582,Sarawak
2025-07-30 00:00:00+00:00,27.765167,3.05,0.31673956,Sarawak
2025-07-31 00:00:00+00:00,27.188084,0.925,0.316875,Sarawak
2025-01-01 00:00:00+00:00,26.270554,3.9666672,0.41845834,Johor
2025-01-02 00:00:00+00:00,26.44139,4.3666663,0.4187778,Johor
2025-01-03 00:00:00+00:00,26.37403,5.6666665,0.4185278,Johor
2025-01-04 00:00:00+00:00,26.228195,2.2,0.41793057,Johor
2025-01-05 00:00:00+00:00,26.361528,2.8333333,0.41568065,Johor
2025-01-06 00:00:00+00:00,26.376806,3.8666668,0.41051385,Johor
2025-01-07 00:00:00+00:00,26.0025,1.8666668,0.4058195,Johor
2025-01-08 00:00:00+00:00,26.815,0.4666667,0.40240285,Johor
2025-01-09 00:00:00+00:00,26.729584,0.16666667,0.3980833,Johor
2025-01-10 00:00:00+00:00,23.536524,45.36667,0.39520836,Johor
2025-01-11 00:00:00+00:00,23.181665,37.899998,0.40676388,Johor
2025-01-12 00:00:00+00:00,23.909441,21.4,0.4150417,Johor
2025-01-13 00:00:00+00:00,24.047638,13.899999,0.43504176,Johor
2025-01-14 00:00:00+00:00,24.774721,7.266667,0.43530557,Johor
2025-01-15 00:00:00+00:00,25.059443,12.066666,0.43615273,Johor
2025-01-16 00:00:00+00:00,25.326805,4.033333,0.4379722,Johor
2025-01-17 00:00:00+00:00,24.860832,5.8666663,0.43719444,Johor
2025-01-18 00:00:00+00:00,24.717775,7.6,0.43783334,Johor
2025-01-19 00:00:00+00:00,24.7025,4.0333333,0.4377639,Johor
2025-01-20 00:00:00+00:00,25.287916,1.5,0.43668056,Johor
2025-01-21 00:00:00+00:00,24.76986,2.3333335,0.4347639,Johor
2025-01-22 00:00:00+00:00,25.302498,3.033333,0.43183336,Johor
2025-01-23 00:00:00+00:00,25.407358,5.3666663,0.42816672,Johor
2025-01-24 00:00:00+00:00,25.178192,7.066666,0.42562488,Johor
2025-01-25 00:00:00+00:00,25.605276,7.866667,0.42624998,Johor
2025-01-26 00:00:00+00:00,25.510832,5.6,0.4256389,Johor
2025-01-27 00:00:00+00:00,24.800415,7.966667,0.42662504,Johor
2025-01-28 00:00:00+00:00,24.590693,8.6,0.42644453,Johor
2025-01-29 00:00:00+00:00,25.119165,0.23333333,0.42500007,Johor
2025-01-30 00:00:00+00:00,25.201805,0.0,0.42304167,Johor
2025-01-31 00:00:00+00:00,25.417084,0.36666667,0.42565277,Johor
2025-02-01 00:00:00+00:00,25.74417,0.46666667,0.42845833,Johor
2025-02-02 00:00:00+00:00,26.39347,0.13333334,0.42887506,Johor
2025-02-03 00:00:00+00:00,26.510832,0.16666667,0.43265274,Johor
2025-02-04 00:00:00+00:00,25.717081,4.8666663,0.43170834,Johor
2025-02-05 00:00:00+00:00,24.012917,9.000001,0.42974997,Johor
2025-02-06 00:00:00+00:00,25.917778,0.033333335,0.42691663,Johor
2025-02-07 00:00:00+00:00,26.181665,0.033333335,0.42268053,Johor
2025-02-08 00:00:00+00:00,26.187918,0.06666667,0.41890278,Johor
2025-02-09 00:00:00+00:00,25.896248,0.7,0.41637492,Johor
2025-02-10 00:00:00+00:00,26.085138,0.1,0.4131945,Johor
2025-02-11 00:00:00+00:00,26.394861,0.033333335,0.40876392,Johor
2025-02-12 00:00:00+00:00,26.604584,0.4,0.40666667,Johor
2025-02-13 00:00:00+00:00,27.099722,0.2,0.406,Johor
2025-02-14 00:00:00+00:00,26.71639,5.7000003,0.40190277,Johor
2025-02-15 00:00:00+00:00,25.680277,16.033335,0.3974861,Johor
2025-02-16 00:00:00+00:00,26.251806,0.23333333,0.3957778,Johor
2025-02-17 00:00:00+00:00,25.870554,6.700001,0.39426377,Johor
2025-02-18 00:00:00+00:00,25.296946,4.3666673,0.3881528,Johor
2025-02-19 00:00:00+00:00,25.855278,0.23333335,0.38604164,Johor
2025-02-20 00:00:00+00:00,26.22125,0.86666673,0.38476387,Johor
2025-02-21 00:00:00+00:00,26.467775,0.6333334,0.38311115,Johor
2025-02-22 00:00:00+00:00,26.13375,4.8999996,0.38212502,Johor
2025-02-23 00:00:00+00:00,26.015,4.5333333,0.3819306,Johor
2025-02-24 00:00:00+00:00,26.034445,9.3,0.3810695,Johor
2025-02-25 00:00:00+00:00,25.044165,13.366666,0.3780695,Johor
2025-02-26 00:00:00+00:00,25.755972,3.0999997,0.37154165,Johor
2025-02-27 00:00:00+00:00,25.477499,6.866667,0.36740276,Johor
2025-02-28 00:00:00+00:00,26.115,3.2666664,0.3632778,Johor
2025-03-01 00:00:00+00:00,26.435831,1.3666668,0.35905552,Johor
2025-03-02 00:00:00+00:00,26.469164,1.8000001,0.35548615,Johor
2025-03-03 00:00:00+00:00,27.147638,0.16666667,0.35159716,Johor
2025-03-04 00:00:00+00:00,26.812918,4.6999993,0.34665275,Johor
2025-03-05 00:00:00+00:00,25.651808,42.86667,0.3438333,Johor
2025-03-06 00:00:00+00:00,25.615694,2.1666667,0.34438887,Johor
2025-03-07 00:00:00+00:00,26.367083,4.0666666,0.34334722,Johor
2025-03-08 00:00:00+00:00,26.301804,6.6666665,0.33973613,Johor
2025-03-09 00:00:00+00:00,26.14417,5.5,0.33688888,Johor
2025-03-10 00:00:00+00:00,26.25736,7.6666665,0.33598605,Johor
2025-03-11 00:00:00+00:00,26.817085,3.0,0.33429167,Johor
2025-03-12 00:00:00+00:00,25.97264,14.533334,0.3334861,Johor
2025-03-13 00:00:00+00:00,25.985832,5.233333,0.33375004,Johor
2025-03-14 00:00:00+00:00,26.142776,8.466666,0.33366668,Johor
2025-03-15 00:00:00+00:00,26.2025,5.2666664,0.3337778,Johor
2025-03-16 00:00:00+00:00,26.813612,0.6666667,0.33381942,Johor
2025-03-17 00:00:00+00:00,26.563608,1.3666667,0.33347222,Johor
2025-03-18 00:00:00+00:00,26.785135,3.7,0.33266672,Johor
2025-03-19 00:00:00+00:00,23.903885,26.333334,0.33322224,Johor
2025-03-20 00:00:00+00:00,23.109442,50.166668,0.3649306,Johor
2025-03-21 00:00:00+00:00,25.048332,7.2999997,0.3722639,Johor
2025-03-22 00:00:00+00:00,25.303194,12.400002,0.3769722,Johor
2025-03-23 00:00:00+00:00,25.568474,12.566667,0.38533333,Johor
2025-03-24 00:00:00+00:00,26.314997,2.3333333,0.39197227,Johor
2025-03-25 00:00:00+00:00,26.10111,3.3333333,0.39333332,Johor
2025-03-26 00:00:00+00:00,27.030275,3.3333333,0.39205554,Johor
2025-03-27 00:00:00+00:00,26.467081,6.1,0.3896667,Johor
2025-03-28 00:00:00+00:00,26.091385,11.566667,0.38545832,Johor
2025-03-29 00:00:00+00:00,25.907362,11.2,0.3845277,Johor
2025-03-30 00:00:00+00:00,26.557358,3.2666664,0.38325,Johor
2025-03-31 00:00:00+00:00,25.746252,30.766665,0.3829861,Johor
2025-04-01 00:00:00+00:00,26.585833,6.5,0.38404167,Johor
2025-04-02 00:00:00+00:00,25.59903,18.333334,0.3882917,Johor
2025-04-03 00:00:00+00:00,25.719862,8.666667,0.3915139,Johor
2025-04-04 00:00:00+00:00,25.584444,8.333333,0.39366665,Johor
2025-04-05 00:00:00+00:00,25.836527,7.633333,0.39730558,Johor
2025-04-06 00:00:00+00:00,25.986526,9.400001,0.39990273,Johor
2025-04-07 00:00:00+00:00,24.766388,13.766666,0.4056944,Johor
2025-04-08 00:00:00+00:00,26.060137,2.6999998,0.40775,Johor
2025-04-09 00:00:00+00:00,26.055277,10.366668,0.4063611,Johor
2025-04-10 00:00:00+00:00,25.98236,19.800001,0.4056944,Johor
2025-04-11 00:00:00+00:00,25.890694,11.0,0.4073055,Johor
2025-04-12 00:00:00+00:00,25.929586,29.699999,0.41145834,Johor
2025-04-13 00:00:00+00:00,25.65042,12.733333,0.41955552,Johor
2025-04-14 00:00:00+00:00,26.760138,8.533334,0.42690277,Johor
2025-04-15 00:00:00+00:00,26.026804,17.300001,0.4283611,Johor
2025-04-16 00:00:00+00:00,26.003891,18.16667,0.43087497,Johor
2025-04-17 00:00:00+00:00,26.769861,0.16666667,0.43148622,Johor
2025-04-18 00:00:00+00:00,26.594168,12.8,0.43179166,Johor
2025-04-19 00:00:00+00:00,25.60319,11.733334,0.43138888,Johor
2025-04-20 00:00:00+00:00,26.219862,2.5,0.43174994,Johor
2025-04-21 00:00:00+00:00,25.835138,14.233334,0.43216673,Johor
2025-04-22 00:00:00+00:00,26.140694,10.966667,0.4329722,Johor
2025-04-23 00:00:00+00:00,25.616388,4.733333,0.4380139,Johor
2025-04-24 00:00:00+00:00,26.447638,2.2666664,0.43912494,Johor
2025-04-25 00:00:00+00:00,27.078194,11.933333,0.44006944,Johor
2025-04-26 00:00:00+00:00,25.400415,8.8,0.43913892,Johor
2025-04-27 00:00:00+00:00,26.642084,2.3000002,0.43781948,Johor
2025-04-28 00:00:00+00:00,25.828192,8.7,0.4335972,Johor
2025-04-29 00:00:00+00:00,26.568472,6.0,0.42973617,Johor
2025-04-30 00:00:00+00:00,26.683054,2.8333333,0.4284722,Johor
2025-05-01 00:00:00+00:00,25.881666,12.5666685,0.42861113,Johor
2025-05-02 00:00:00+00:00,26.869165,5.2000003,0.42606938,Johor
2025-05-03 00:00:00+00:00,26.442083,11.799999,0.4265417,Johor
2025-05-04 00:00:00+00:00,26.885138,2.8,0.4272778,Johor
2025-05-05 00:00:00+00:00,26.114998,21.166666,0.4263889,Johor
2025-05-06 00:00:00+00:00,27.492777,1.6,0.4258333,Johor
2025-05-07 00:00:00+00:00,27.217085,6.7333336,0.42383334,Johor
2025-05-08 00:00:00+00:00,26.837915,9.466666,0.42101386,Johor
2025-05-09 00:00:00+00:00,27.623335,3.3999996,0.41901386,Johor
2025-05-10 00:00:00+00:00,26.94764,8.433333,0.41798607,Johor
2025-05-11 00:00:00+00:00,27.487223,1.8666667,0.41788888,Johor
2025-05-12 00:00:00+00:00,26.657364,14.233335,0.41820836,Johor
2025-05-13 00:00:00+00:00,27.035835,11.233333,0.42029166,Johor
2025-05-14 00:00:00+00:00,27.297638,0.26666668,0.41863886,Johor
2025-05-15 00:00:00+00:00,27.070557,8.833333,0.4177917,Johor
2025-05-16 00:00:00+00:00,26.558054,11.866668,0.418625,Johor
2025-05-17 00:00:00+00:00,28.049723,4.9666667,0.41751394,Johor
2025-05-18 00:00:00+00:00,25.869165,23.900003,0.4182361,Johor
2025-05-19 00:00:00+00:00,26.009445,16.433332,0.4220556,Johor
2025-05-20 00:00:00+00:00,26.28514,12.3,0.4240695,Johor
2025-05-21 00:00:00+00:00,26.933054,6.633333,0.42386112,Johor
2025-05-22 00:00:00+00:00,26.92611,8.1,0.4233472,Johor
2025-05-23 00:00:00+00:00,27.250414,13.600001,0.42372218,Johor
2025-05-24 00:00:00+00:00,27.397638,1.8666664,0.422125,Johor
2025-05-25 00:00:00+00:00,27.059446,3.1000001,0.42088887,Johor
2025-05-26 00:00:00+00:00,27.904581,0.5,0.41959724,Johor
2025-05-27 00:00:00+00:00,27.213614,8.466667,0.4180138,Johor
2025-05-28 00:00:00+00:00,27.94486,4.933334,0.41681942,Johor
2025-05-29 00:00:00+00:00,25.137917,9.4,0.4182917,Johor
2025-05-30 00:00:00+00:00,26.579582,13.633332,0.41738895,Johor
2025-05-31 00:00:00+00:00,27.433748,3.2666667,0.41420832,Johor
2025-06-01 00:00:00+00:00,28.182364,3.4666665,0.41248605,Johor
2025-06-02 00:00:00+00:00,28.258057,0.3,0.4105278,Johor
2025-06-03 00:00:00+00:00,27.504583,2.8,0.40890273,Johor
2025-06-04 00:00:00+00:00,27.285141,3.5,0.40769443,Johor
2025-06-05 00:00:00+00:00,26.404581,8.866667,0.40684715,Johor
2025-06-06 00:00:00+00:00,26.339304,4.7666664,0.40619445,Johor
2025-06-07 00:00:00+00:00,27.65875,0.6333334,0.40447226,Johor
2025-06-08 00:00:00+00:00,27.3025,1.1666666,0.40213886,Johor
2025-06-09 00:00:00+00:00,27.646944,13.899999,0.3989167,Johor
2025-06-10 00:00:00+00:00,27.084444,0.56666666,0.3967917,Johor
2025-06-11 00:00:00+00:00,27.512222,0.1,0.39556947,Johor
2025-06-12 00:00:00+00:00,28.14625,0.6,0.39349994,Johor
2025-06-13 00:00:00+00:00,28.330973,1.1666666,0.39186108,Johor
2025-06-14 00:00:00+00:00,27.659445,2.6333332,0.38986108,Johor
2025-06-15 00:00:00+00:00,26.7025,12.933333,0.38731948,Johor
2025-06-16 00:00:00+00:00,26.53514,11.5666685,0.38495827,Johor
2025-06-17 00:00:00+00:00,25.765694,9.400001,0.38327777,Johor
2025-06-18 00:00:00+00:00,26.95736,2.5666666,0.3822639,Johor
2025-06-19 00:00:00+00:00,27.131668,0.0,0.3806806,Johor
2025-06-20 00:00:00+00:00,26.469164,8.733334,0.3797084,Johor
2025-06-21 00:00:00+00:00,27.828196,0.2,0.37786114,Johor
2025-06-22 00:00:00+00:00,28.115694,0.23333335,0.37593055,Johor
2025-06-23 00:00:00+00:00,27.853195,0.36666667,0.3740972,Johor
2025-06-24 00:00:00+00:00,27.317778,8.500001,0.3732361,Johor
2025-06-25 00:00:00+00:00,28.09139,3.1000001,0.37286103,Johor
2025-06-26 00:00:00+00:00,28.011526,0.73333335,0.37283337,Johor
2025-06-27 00:00:00+00:00,27.57611,4.3666663,0.37187502,Johor
2025-06-28 00:00:00+00:00,25.689306,9.799999,0.37161115,Johor
2025-06-29 00:00:00+00:00,26.798334,0.0,0.37169445,Johor
2025-06-30 00:00:00+00:00,27.142084,2.7666667,0.3700416,Johor
2025-07-01 00:00:00+00:00,27.836527,2.0,0.3699166,Johor
2025-07-02 00:00:00+00:00,25.821943,5.7999997,0.3717083,Johor
2025-07-03 00:00:00+00:00,26.444862,7.8333335,0.3719305,Johor
2025-07-04 00:00:00+00:00,26.44764,2.7333333,0.3701806,Johor
2025-07-05 00:00:00+00:00,27.079582,0.90000004,0.37081948,Johor
2025-07-06 00:00:00+00:00,27.951807,0.16666667,0.36980557,Johor
2025-07-07 00:00:00+00:00,27.730276,1.1,0.36794445,Johor
2025-07-08 00:00:00+00:00,27.870558,1.9999999,0.36679173,Johor
2025-07-09 00:00:00+00:00,27.785135,6.3999996,0.36451387,Johor
2025-07-10 00:00:00+00:00,27.224028,2.3,0.36290276,Johor
2025-07-11 00:00:00+00:00,28.130972,1.1333333,0.361375,Johor
2025-07-12 00:00:00+00:00,26.492083,2.6333334,0.36076388,Johor
2025-07-13 00:00:00+00:00,27.106667,2.6999998,0.36018047,Johor
2025-07-14 00:00:00+00:00,27.051804,2.6000001,0.35909712,Johor
2025-07-15 00:00:00+00:00,27.437223,0.2,0.3579305,Johor
2025-07-16 00:00:00+00:00,28.475416,0.2,0.3569305,Johor
2025-07-17 00:00:00+00:00,27.891388,0.0,0.35648608,Johor
2025-07-18 00:00:00+00:00,28.53097,0.033333335,0.35624996,Johor
2025-07-19 00:00:00+00:00,28.219168,0.33333334,0.35537496,Johor
2025-07-20 00:00:00+00:00,27.954584,0.3,0.35451388,Johor
2025-07-21 00:00:00+00:00,27.745554,0.6333333,0.35330555,Johor
2025-07-22 00:00:00+00:00,26.554586,5.3666663,0.35054162,Johor
2025-07-23 00:00:00+00:00,27.028196,3.033333,0.34677777,Johor
2025-07-24 00:00:00+00:00,28.075417,0.8,0.34683323,Johor
2025-07-25 00:00:00+00:00,26.217773,8.966666,0.34723607,Johor
2025-07-26 00:00:00+00:00,26.63236,4.7000003,0.34809718,Johor
2025-07-27 00:00:00+00:00,27.744165,3.2666664,0.34799996,Johor
2025-07-28 00:00:00+00:00,27.985832,1.9666667,0.34644446,Johor
2025-07-29 00:00:00+00:00,28.346945,1.8333334,0.34537494,Johor
2025-07-30 00:00:00+00:00,27.192778,3.3666668,0.34398612,Johor
2025-07-31 00:00:00+00:00,27.984444,2.5666666,0.34406945,Johor
2025-01-01 00:00:00+00:00,26.4275,1.5333334,0.48344442,Pahang
2025-01-02 00:00:00+00:00,26.208054,5.6999993,0.48169446,Pahang
2025-01-03 00:00:00+00:00,25.96847,3.7333329,0.47779164,Pahang
2025-01-04 00:00:00+00:00,25.489304,10.033334,0.4717084,Pahang
2025-01-05 00:00:00+00:00,25.487223,10.033334,0.46720827,Pahang
2025-01-06 00:00:00+00:00,25.554583,7.0333333,0.46447214,Pahang
2025-01-07 00:00:00+00:00,25.73722,2.1666667,0.46086112,Pahang
2025-01-08 00:00:00+00:00,26.431665,0.33333334,0.45970833,Pahang
2025-01-09 00:00:00+00:00,26.06778,0.53333336,0.45573616,Pahang
2025-01-10 00:00:00+00:00,23.706665,24.900002,0.45641664,Pahang
2025-01-11 00:00:00+00:00,23.646942,8.233334,0.45688888,Pahang
2025-01-12 00:00:00+00:00,23.843473,13.500003,0.45588896,Pahang
2025-01-13 00:00:00+00:00,24.35389,2.3999999,0.4545972,Pahang
2025-01-14 00:00:00+00:00,24.435831,10.633334,0.45155552,Pahang
2025-01-15 00:00:00+00:00,24.828886,19.766666,0.44893053,Pahang
2025-01-16 00:00:00+00:00,24.565,10.799999,0.45730564,Pahang
2025-01-17 00:00:00+00:00,24.230278,17.000002,0.46223614,Pahang
2025-01-18 00:00:00+00:00,24.458748,9.933333,0.46454167,Pahang
2025-01-19 00:00:00+00:00,24.56153,1.9666667,0.46418056,Pahang
2025-01-20 00:00:00+00:00,24.853888,0.13333334,0.46280563,Pahang
2025-01-21 00:00:00+00:00,25.169863,0.9000001,0.46150008,Pahang
2025-01-22 00:00:00+00:00,24.97889,3.0666668,0.46047223,Pahang
2025-01-23 00:00:00+00:00,25.467775,2.4333334,0.4613751,Pahang
2025-01-24 00:00:00+00:00,24.469862,25.233332,0.46130553,Pahang
2025-01-25 00:00:00+00:00,25.60736,11.966667,0.4591389,Pahang
2025-01-26 00:00:00+00:00,24.846945,9.5,0.45954168,Pahang
2025-01-27 00:00:00+00:00,24.175415,23.4,0.4657639,Pahang
2025-01-28 00:00:00+00:00,24.210833,8.733333,0.46837506,Pahang
2025-01-29 00:00:00+00:00,24.591385,0.6333334,0.46566668,Pahang
2025-01-30 00:00:00+00:00,24.780275,0.0,0.46533337,Pahang
2025-01-31 00:00:00+00:00,24.814306,0.033333335,0.46548614,Pahang
2025-02-01 00:00:00+00:00,25.082361,0.36666667,0.46630558,Pahang
2025-02-02 00:00:00+00:00,25.180277,3.8666668,0.46411112,Pahang
2025-02-03 00:00:00+00:00,26.101807,0.033333335,0.46120834,Pahang
2025-02-04 00:00:00+00:00,25.115,4.733333,0.4578611,Pahang
2025-02-05 00:00:00+00:00,24.837221,1.8666668,0.45073614,Pahang
2025-02-06 00:00:00+00:00,25.503197,0.033333335,0.4438055,Pahang
2025-02-07 00:00:00+00:00,25.76847,0.06666667,0.43983337,Pahang
2025-02-08 00:00:00+00:00,25.929583,0.033333335,0.43673614,Pahang
2025-02-09 00:00:00+00:00,25.520554,0.6666667,0.4317501,Pahang
2025-02-10 00:00:00+00:00,25.50528,0.2,0.42651388,Pahang
2025-02-11 00:00:00+00:00,26.062914,0.8,0.4220278,Pahang
2025-02-12 00:00:00+00:00,26.340696,0.56666666,0.4195694,Pahang
2025-02-13 00:00:00+00:00,27.039307,1.0666667,0.41943058,Pahang
2025-02-14 00:00:00+00:00,26.346247,18.800001,0.41770828,Pahang
2025-02-15 00:00:00+00:00,25.269861,22.466667,0.41697225,Pahang
2025-02-16 00:00:00+00:00,26.3775,0.16666667,0.4171805,Pahang
2025-02-17 00:00:00+00:00,25.976805,3.8333333,0.4111944,Pahang
2025-02-18 00:00:00+00:00,25.418472,4.733333,0.40387508,Pahang
2025-02-19 00:00:00+00:00,25.072638,2.5666666,0.40269446,Pahang
2025-02-20 00:00:00+00:00,26.083054,0.86666673,0.39947224,Pahang
2025-02-21 00:00:00+00:00,25.62958,2.4666667,0.39683333,Pahang
2025-02-22 00:00:00+00:00,25.640694,7.0,0.3978889,Pahang
2025-02-23 00:00:00+00:00,25.134447,11.0,0.3994167,Pahang
2025-02-24 00:00:00+00:00,25.469862,6.5333333,0.3996389,Pahang
2025-02-25 00:00:00+00:00,24.335138,16.233335,0.40616664,Pahang
2025-02-26 00:00:00+00:00,25.281668,6.7666664,0.4073472,Pahang
2025-02-27 00:00:00+00:00,24.556665,15.033333,0.41304168,Pahang
2025-02-28 00:00:00+00:00,25.653196,4.6666675,0.4170833,Pahang
2025-03-01 00:00:00+00:00,26.239304,0.56666666,0.41806945,Pahang
2025-03-02 00:00:00+00:00,26.407362,0.7666667,0.41693056,Pahang
2025-03-03 00:00:00+00:00,26.96778,0.06666667,0.41433334,Pahang
2025-03-04 00:00:00+00:00,26.828192,3.4666665,0.41312495,Pahang
2025-03-05 00:00:00+00:00,25.91014,32.566666,0.41370833,Pahang
2025-03-06 00:00:00+00:00,25.803888,6.8999996,0.41702786,Pahang
2025-03-07 00:00:00+00:00,26.206665,7.4999995,0.4165556,Pahang
2025-03-08 00:00:00+00:00,25.515,15.8,0.4161389,Pahang
2025-03-09 00:00:00+00:00,25.306665,10.966668,0.41719446,Pahang
2025-03-10 00:00:00+00:00,25.736526,13.633332,0.41786107,Pahang
2025-03-11 00:00:00+00:00,25.78028,11.166667,0.4167222,Pahang
2025-03-12 00:00:00+00:00,25.861526,10.0,0.41438892,Pahang
2025-03-13 00:00:00+00:00,25.629583,11.833333,0.416375,Pahang
2025-03-14 00:00:00+00:00,25.698334,11.900001,0.41606948,Pahang
2025-03-15 00:00:00+00:00,25.812918,7.3333335,0.4140695,Pahang
2025-03-16 00:00:00+00:00,26.578888,1.0666666,0.4108334,Pahang
2025-03-17 00:00:00+00:00,26.782362,1.1,0.40684727,Pahang
2025-03-18 00:00:00+00:00,26.967085,0.8666666,0.404125,Pahang
2025-03-19 00:00:00+00:00,25.23583,4.633333,0.4025278,Pahang
2025-03-20 00:00:00+00:00,24.173332,8.733333,0.40206942,Pahang
2025-03-21 00:00:00+00:00,24.764305,4.6999993,0.39925003,Pahang
2025-03-22 00:00:00+00:00,24.62889,17.866663,0.39791667,Pahang
2025-03-23 00:00:00+00:00,25.02889,10.900001,0.39554176,Pahang
2025-03-24 00:00:00+00:00,26.024721,6.0333333,0.39576396,Pahang
2025-03-25 00:00:00+00:00,26.370552,4.2,0.39484715,Pahang
2025-03-26 00:00:00+00:00,26.685831,8.3,0.39370832,Pahang
2025-03-27 00:00:00+00:00,26.112223,5.533333,0.39184725,Pahang
2025-03-28 00:00:00+00:00,25.95111,17.833334,0.39072227,Pahang
2025-03-29 00:00:00+00:00,25.615694,12.166667,0.38959727,Pahang
2025-03-30 00:00:00+00:00,25.990694,5.3333335,0.39381948,Pahang
2025-03-31 00:00:00+00:00,25.570555,35.399998,0.40038887,Pahang
2025-04-01 00:00:00+00:00,26.286528,4.3333335,0.39884722,Pahang
2025-04-02 00:00:00+00:00,25.981665,15.866666,0.39908335,Pahang
2025-04-03 00:00:00+00:00,25.072638,15.700001,0.40838885,Pahang
2025-04-04 00:00:00+00:00,24.522638,19.2,0.41802776,Pahang
2025-04-05 00:00:00+00:00,25.509445,9.366668,0.42354164,Pahang
2025-04-06 00:00:00+00:00,26.039999,6.0333333,0.42456952,Pahang
2025-04-07 00:00:00+00:00,24.551111,13.3,0.42654166,Pahang
2025-04-08 00:00:00+00:00,25.735138,10.633334,0.428125,Pahang
2025-04-09 00:00:00+00:00,26.128891,11.633334,0.4298472,Pahang
2025-04-10 00:00:00+00:00,26.210833,34.166668,0.43137503,Pahang
2025-04-11 00:00:00+00:00,25.615694,15.100001,0.43823615,Pahang
2025-04-12 00:00:00+00:00,25.981667,19.666666,0.43488893,Pahang
2025-04-13 00:00:00+00:00,26.04625,8.933334,0.4315,Pahang
2025-04-14 00:00:00+00:00,26.460833,3.833333,0.4294723,Pahang
2025-04-15 00:00:00+00:00,25.69,21.300001,0.42895833,Pahang
2025-04-16 00:00:00+00:00,25.883749,14.400002,0.42687503,Pahang
2025-04-17 00:00:00+00:00,27.173334,3.2,0.42744443,Pahang
2025-04-18 00:00:00+00:00,26.46222,17.000002,0.42347226,Pahang
2025-04-19 00:00:00+00:00,26.03167,10.933334,0.41984725,Pahang
2025-04-20 00:00:00+00:00,26.420555,1.9666667,0.41765285,Pahang
2025-04-21 00:00:00+00:00,25.530275,24.866667,0.41399994,Pahang
2025-04-22 00:00:00+00:00,26.090002,12.0,0.41309717,Pahang
2025-04-23 00:00:00+00:00,26.016388,4.5333333,0.41309723,Pahang
2025-04-24 00:00:00+00:00,26.612223,3.2,0.41223612,Pahang
2025-04-25 00:00:00+00:00,27.033056,10.8,0.40766668,Pahang
2025-04-26 00:00:00+00:00,26.421946,1.6333333,0.4044861,Pahang
2025-04-27 00:00:00+00:00,26.233055,7.7999997,0.4003056,Pahang
2025-04-28 00:00:00+00:00,25.687918,10.433334,0.39358333,Pahang
2025-04-29 00:00:00+00:00,27.042778,6.2333336,0.38940278,Pahang
2025-04-30 00:00:00+00:00,27.353197,0.23333335,0.38662496,Pahang
2025-05-01 00:00:00+00:00,26.267776,18.199999,0.3865695,Pahang
2025-05-02 00:00:00+00:00,26.657362,12.0,0.38720834,Pahang
2025-05-03 00:00:00+00:00,26.233057,21.300001,0.38686112,Pahang
2025-05-04 00:00:00+00:00,26.374723,5.9666667,0.38431945,Pahang
2025-05-05 00:00:00+00:00,26.534445,4.733333,0.38309726,Pahang
2025-05-06 00:00:00+00:00,27.679583,1.9333334,0.38101387,Pahang
2025-05-07 00:00:00+00:00,27.469168,7.533333,0.37791666,Pahang
2025-05-08 00:00:00+00:00,27.206665,6.3999996,0.37569448,Pahang
2025-05-09 00:00:00+00:00,27.796946,1.5666667,0.37209716,Pahang
2025-05-10 00:00:00+00:00,26.91361,23.1,0.36925003,Pahang
2025-05-11 00:00:00+00:00,27.167084,2.2333336,0.365,Pahang
2025-05-12 00:00:00+00:00,26.583055,10.633333,0.36325002,Pahang
2025-05-13 00:00:00+00:00,26.314302,11.033334,0.3630139,Pahang
2025-05-14 00:00:00+00:00,27.13375,3.366667,0.36373615,Pahang
2025-05-15 00:00:00+00:00,27.282358,3.5333335,0.36443058,Pahang
2025-05-16 00:00:00+00:00,25.996943,17.233335,0.36697224,Pahang
2025-05-17 00:00:00+00:00,26.928192,8.333333,0.36709726,Pahang
2025-05-18 00:00:00+00:00,25.605276,19.566668,0.36875007,Pahang
2025-05-19 00:00:00+00:00,26.473333,6.566667,0.3677778,Pahang
2025-05-20 00:00:00+00:00,26.476805,16.033333,0.36768052,Pahang
2025-05-21 00:00:00+00:00,26.776808,8.333333,0.36716667,Pahang
2025-05-22 00:00:00+00:00,26.753195,7.7666664,0.36775002,Pahang
2025-05-23 00:00:00+00:00,26.955973,8.966666,0.3675278,Pahang
2025-05-24 00:00:00+00:00,26.946249,16.366667,0.36716667,Pahang
2025-05-25 00:00:00+00:00,26.491388,15.633334,0.368875,Pahang
2025-05-26 00:00:00+00:00,27.070555,5.1,0.37311113,Pahang
2025-05-27 00:00:00+00:00,27.124723,12.166668,0.37463894,Pahang
2025-05-28 00:00:00+00:00,27.01639,13.166667,0.37826383,Pahang
2025-05-29 00:00:00+00:00,24.796247,9.866666,0.385,Pahang
2025-05-30 00:00:00+00:00,26.651804,3.4333334,0.3851111,Pahang
2025-05-31 00:00:00+00:00,26.651804,5.6999993,0.38526392,Pahang
2025-06-01 00:00:00+00:00,28.22819,0.9666665,0.38472223,Pahang
2025-06-02 00:00:00+00:00,27.936525,0.90000004,0.38361108,Pahang
2025-06-03 00:00:00+00:00,27.746943,1.9333333,0.3817222,Pahang
2025-06-04 00:00:00+00:00,26.66639,10.466666,0.38033333,Pahang
2025-06-05 00:00:00+00:00,25.922638,9.033334,0.37995836,Pahang
2025-06-06 00:00:00+00:00,26.057364,9.3,0.37902775,Pahang
2025-06-07 00:00:00+00:00,27.024721,4.8666673,0.37784722,Pahang
2025-06-08 00:00:00+00:00,26.996248,1.4333334,0.37680554,Pahang
2025-06-09 00:00:00+00:00,27.653196,4.6666665,0.3735,Pahang
2025-06-10 00:00:00+00:00,27.340693,3.0,0.37056938,Pahang
2025-06-11 00:00:00+00:00,27.26361,0.0,0.36920834,Pahang
2025-06-12 00:00:00+00:00,28.086527,0.36666667,0.3666389,Pahang
2025-06-13 00:00:00+00:00,28.028196,5.5333333,0.3640556,Pahang
2025-06-14 00:00:00+00:00,28.355278,4.3333335,0.3617222,Pahang
2025-06-15 00:00:00+00:00,26.613611,14.0,0.35930553,Pahang
2025-06-16 00:00:00+00:00,26.21083,9.2,0.35655555,Pahang
2025-06-17 00:00:00+00:00,26.22264,10.133334,0.35454163,Pahang
2025-06-18 00:00:00+00:00,26.593473,4.9666667,0.35362494,Pahang
2025-06-19 00:00:00+00:00,26.57264,0.1,0.3517917,Pahang
2025-06-20 00:00:00+00:00,25.704582,8.833333,0.34938887,Pahang
2025-06-21 00:00:00+00:00,27.565695,0.033333335,0.3475416,Pahang
2025-06-22 00:00:00+00:00,27.960138,0.1,0.34684718,Pahang
2025-06-23 00:00:00+00:00,28.028887,0.13333334,0.34552777,Pahang
2025-06-24 00:00:00+00:00,27.404585,1.6333332,0.3444583,Pahang
2025-06-25 00:00:00+00:00,26.806665,6.7000003,0.3440833,Pahang
2025-06-26 00:00:00+00:00,26.30667,4.8,0.34505555,Pahang
2025-06-27 00:00:00+00:00,26.833054,6.7333336,0.34475002,Pahang
2025-06-28 00:00:00+00:00,25.992777,9.366667,0.34477782,Pahang
2025-06-29 00:00:00+00:00,27.184443,1.5333333,0.3439722,Pahang
2025-06-30 00:00:00+00:00,27.653193,1.3333333,0.34116665,Pahang
2025-07-01 00:00:00+00:00,27.934443,0.8,0.33988893,Pahang
2025-07-02 00:00:00+00:00,26.016388,2.3333333,0.34004167,Pahang
2025-07-03 00:00:00+00:00,26.52125,2.5999997,0.3386111,Pahang
2025-07-04 00:00:00+00:00,27.185831,0.70000005,0.33720836,Pahang
2025-07-05 00:00:00+00:00,27.835138,0.0,0.33705556,Pahang
2025-07-06 00:00:00+00:00,27.63861,3.2,0.33630553,Pahang
2025-07-07 00:00:00+00:00,27.478193,10.533334,0.33408332,Pahang
2025-07-08 00:00:00+00:00,27.21847,1.5333333,0.3329306,Pahang
2025-07-09 00:00:00+00:00,28.267776,1.0666666,0.3295139,Pahang
2025-07-10 00:00:00+00:00,28.244171,0.16666667,0.32490277,Pahang
2025-07-11 00:00:00+00:00,29.069168,3.0333335,0.32149997,Pahang
2025-07-12 00:00:00+00:00,28.008057,0.59999996,0.31823614,Pahang
2025-07-13 00:00:00+00:00,27.940695,3.8666668,0.31743053,Pahang
2025-07-14 00:00:00+00:00,27.88861,4.2999997,0.31645834,Pahang
2025-07-15 00:00:00+00:00,28.785135,0.33333334,0.3155278,Pahang
2025-07-16 00:00:00+00:00,28.931665,0.1,0.31562498,Pahang
2025-07-17 00:00:00+00:00,28.455276,0.0,0.31684718,Pahang
2025-07-18 00:00:00+00:00,29.556671,0.0,0.3175277,Pahang
2025-07-19 00:00:00+00:00,29.433054,0.0,0.31883338,Pahang
2025-07-20 00:00:00+00:00,29.589304,0.0,0.3214167,Pahang
2025-07-21 00:00:00+00:00,29.10736,0.43333337,0.3224028,Pahang
2025-07-22 00:00:00+00:00,27.814306,3.8333333,0.3232778,Pahang
2025-07-23 00:00:00+00:00,28.65875,0.7666667,0.32511115,Pahang
2025-07-24 00:00:00+00:00,28.431665,5.4,0.32766667,Pahang
2025-07-25 00:00:00+00:00,26.735138,6.7666664,0.3277083,Pahang
2025-07-26 00:00:00+00:00,27.060137,3.0999997,0.3266389,Pahang
2025-07-27 00:00:00+00:00,27.639307,1.3000001,0.3254444,Pahang
2025-07-28 00:00:00+00:00,28.921251,0.13333334,0.3245833,Pahang
2025-07-29 00:00:00+00:00,29.099028,4.133333,0.3256528,Pahang
2025-07-30 00:00:00+00:00,27.734442,1.2333335,0.32504165,Pahang
2025-07-31 00:00:00+00:00,28.346945,1.6666666,0.32302776,Pahang
2025-01-01 00:00:00+00:00,26.338623,2.5000002,0.4763958,Parak
2025-01-02 00:00:00+00:00,26.901123,3.65,0.4755,Parak
2025-01-03 00:00:00+00:00,25.713627,7.1000004,0.47347912,Parak
2025-01-04 00:00:00+00:00,25.497997,15.800001,0.47343743,Parak
2025-01-05 00:00:00+00:00,26.036543,6.8,0.4729582,Parak
2025-01-06 00:00:00+00:00,25.0355,35.4,0.47012496,Parak
2025-01-07 00:00:00+00:00,25.121958,20.300001,0.47077084,Parak
2025-01-08 00:00:00+00:00,26.447998,5.25,0.4688124,Parak
2025-01-09 00:00:00+00:00,26.515709,0.70000005,0.468,Parak
2025-01-10 00:00:00+00:00,25.9105,11.1,0.46579176,Parak
2025-01-11 00:00:00+00:00,25.252167,18.7,0.46327078,Parak
2025-01-12 00:00:00+00:00,25.171959,7.9500003,0.46414584,Parak
2025-01-13 00:00:00+00:00,25.676125,0.65000004,0.46312505,Parak
2025-01-14 00:00:00+00:00,26.041744,8.55,0.45981258,Parak
2025-01-15 00:00:00+00:00,25.199043,32.4,0.45758337,Parak
2025-01-16 00:00:00+00:00,25.000084,8.849999,0.45639586,Parak
2025-01-17 00:00:00+00:00,25.690708,4.35,0.4563334,Parak
2025-01-18 00:00:00+00:00,25.483414,13.75,0.45395827,Parak
2025-01-19 00:00:00+00:00,25.84071,2.2,0.45037496,Parak
2025-01-20 00:00:00+00:00,26.091751,0.2,0.44560426,Parak
2025-01-21 00:00:00+00:00,26.239666,2.5,0.4415416,Parak
2025-01-22 00:00:00+00:00,25.746956,4.6000004,0.44058335,Parak
2025-01-23 00:00:00+00:00,25.437584,13.9,0.4394375,Parak
2025-01-24 00:00:00+00:00,24.812584,21.150002,0.44162506,Parak
2025-01-25 00:00:00+00:00,25.473,47.399994,0.45491672,Parak
2025-01-26 00:00:00+00:00,24.668835,11.65,0.49239582,Parak
2025-01-27 00:00:00+00:00,25.221958,11.85,0.5011875,Parak
2025-01-28 00:00:00+00:00,25.139668,5.95,0.5029583,Parak
2025-01-29 00:00:00+00:00,25.249043,3.0000002,0.49897927,Parak
2025-01-30 00:00:00+00:00,25.726124,0.55,0.49341676,Parak
2025-01-31 00:00:00+00:00,26.157375,0.90000004,0.48902076,Parak
2025-02-01 00:00:00+00:00,25.707375,0.0,0.4833125,Parak
2025-02-02 00:00:00+00:00,25.610498,0.0,0.4743542,Parak
2025-02-03 00:00:00+00:00,26.046955,0.0,0.46795833,Parak
2025-02-04 00:00:00+00:00,26.57821,1.35,0.4653958,Parak
2025-02-05 00:00:00+00:00,26.312584,0.95000005,0.46352088,Parak
2025-02-06 00:00:00+00:00,26.44279,4.55,0.4603749,Parak
2025-02-07 00:00:00+00:00,26.26779,1.6499999,0.45820832,Parak
2025-02-08 00:00:00+00:00,26.435501,1.9,0.4557917,Parak
2025-02-09 00:00:00+00:00,26.332378,0.35000002,0.45387498,Parak
2025-02-10 00:00:00+00:00,26.556334,0.65000004,0.45022914,Parak
2025-02-11 00:00:00+00:00,26.007374,4.750001,0.4478334,Parak
2025-02-12 00:00:00+00:00,26.575085,0.70000005,0.44925004,Parak
2025-02-13 00:00:00+00:00,27.045914,1.4000001,0.44802082,Parak
2025-02-14 00:00:00+00:00,26.09071,18.2,0.45016673,Parak
2025-02-15 00:00:00+00:00,25.521957,27.5,0.4634791,Parak
2025-02-16 00:00:00+00:00,26.122997,0.05,0.46635407,Parak
2025-02-17 00:00:00+00:00,26.364668,7.2000003,0.4684166,Parak
2025-02-18 00:00:00+00:00,25.932371,11.85,0.46712506,Parak
2025-02-19 00:00:00+00:00,26.067791,1.6,0.46700004,Parak
2025-02-20 00:00:00+00:00,25.974041,7.2500005,0.46718758,Parak
2025-02-21 00:00:00+00:00,25.620918,16.300001,0.4681458,Parak
2025-02-22 00:00:00+00:00,25.738625,27.649998,0.46614587,Parak
2025-02-23 00:00:00+00:00,25.835499,11.950001,0.46568745,Parak
2025-02-24 00:00:00+00:00,25.339664,31.349998,0.4673541,Parak
2025-02-25 00:00:00+00:00,25.58133,17.4,0.46968752,Parak
2025-02-26 00:00:00+00:00,25.937584,20.2,0.46741664,Parak
2025-02-27 00:00:00+00:00,25.424038,21.500002,0.46877074,Parak
2025-02-28 00:00:00+00:00,25.502167,10.0,0.4695624,Parak
2025-03-01 00:00:00+00:00,26.512583,3.15,0.46941662,Parak
2025-03-02 00:00:00+00:00,27.168835,0.75,0.46554166,Parak
2025-03-03 00:00:00+00:00,27.205292,2.9499998,0.46206257,Parak
2025-03-04 00:00:00+00:00,27.139664,7.45,0.45806253,Parak
2025-03-05 00:00:00+00:00,26.698,5.8,0.4526875,Parak
2025-03-06 00:00:00+00:00,25.689667,9.65,0.44729173,Parak
2025-03-07 00:00:00+00:00,27.206333,4.35,0.44439578,Parak
2025-03-08 00:00:00+00:00,26.76154,15.700001,0.44156253,Parak
2025-03-09 00:00:00+00:00,27.668835,4.8999996,0.435875,Parak
2025-03-10 00:00:00+00:00,26.601124,8.9,0.43310422,Parak
2025-03-11 00:00:00+00:00,26.360497,6.250001,0.43254167,Parak
2025-03-12 00:00:00+00:00,26.447998,19.5,0.4290833,Parak
2025-03-13 00:00:00+00:00,25.844875,14.400001,0.42610413,Parak
2025-03-14 00:00:00+00:00,25.431335,12.000001,0.42725,Parak
2025-03-15 00:00:00+00:00,26.489668,5.45,0.42920828,Parak
2025-03-16 00:00:00+00:00,26.288628,2.05,0.42897904,Parak
2025-03-17 00:00:00+00:00,26.903208,1.3000001,0.4263959,Parak
2025-03-18 00:00:00+00:00,27.156334,0.8000001,0.4282083,Parak
2025-03-19 00:00:00+00:00,26.745914,1.55,0.43064582,Parak
2025-03-20 00:00:00+00:00,26.082375,5.3500004,0.4321875,Parak
2025-03-21 00:00:00+00:00,26.315704,1.0500001,0.43060422,Parak
2025-03-22 00:00:00+00:00,26.018831,4.25,0.4284792,Parak
2025-03-23 00:00:00+00:00,25.525085,10.7,0.4277916,Parak
2025-03-24 00:00:00+00:00,26.451122,7.75,0.4281041,Parak
2025-03-25 00:00:00+00:00,26.183416,12.65,0.4279584,Parak
2025-03-26 00:00:00+00:00,27.608414,2.5,0.42550004,Parak
2025-03-27 00:00:00+00:00,26.201126,18.600002,0.4231459,Parak
2025-03-28 00:00:00+00:00,25.601124,15.999998,0.4201458,Parak
2025-03-29 00:00:00+00:00,27.699043,0.1,0.41656262,Parak
2025-03-30 00:00:00+00:00,27.125084,23.35,0.41441676,Parak
2025-03-31 00:00:00+00:00,25.893833,20.95,0.41008335,Parak
2025-04-01 00:00:00+00:00,26.560501,30.100002,0.40552077,Parak
2025-04-02 00:00:00+00:00,26.34696,5.2000003,0.40308332,Parak
2025-04-03 00:00:00+00:00,26.405293,24.9,0.40366662,Parak
2025-04-04 00:00:00+00:00,25.924042,10.750001,0.4112708,Parak
2025-04-05 00:00:00+00:00,26.241749,7.4,0.41404164,Parak
2025-04-06 00:00:00+00:00,26.044876,19.400002,0.41710413,Parak
2025-04-07 00:00:00+00:00,25.942787,6.4499993,0.41929165,Parak
2025-04-08 00:00:00+00:00,25.844875,26.0,0.42029166,Parak
2025-04-09 00:00:00+00:00,26.327168,6.1000004,0.41779166,Parak
2025-04-10 00:00:00+00:00,26.515709,22.900002,0.41908336,Parak
2025-04-11 00:00:00+00:00,25.144876,18.850002,0.43231252,Parak
2025-04-12 00:00:00+00:00,26.539665,7.5,0.43895835,Parak
2025-04-13 00:00:00+00:00,26.453209,15.75,0.44006246,Parak
2025-04-14 00:00:00+00:00,26.994877,3.9500003,0.4425833,Parak
2025-04-15 00:00:00+00:00,25.899038,45.1,0.45197916,Parak
2025-04-16 00:00:00+00:00,26.684458,8.4,0.46100003,Parak
2025-04-17 00:00:00+00:00,27.268833,5.9000006,0.4635416,Parak
2025-04-18 00:00:00+00:00,27.284458,9.200001,0.46324998,Parak
2025-04-19 00:00:00+00:00,26.499037,17.300001,0.46604162,Parak
2025-04-20 00:00:00+00:00,25.562584,11.35,0.4688542,Parak
2025-04-21 00:00:00+00:00,26.408417,11.400001,0.46795833,Parak
2025-04-22 00:00:00+00:00,26.548,6.3500004,0.46754164,Parak
2025-04-23 00:00:00+00:00,26.138622,14.15,0.46683332,Parak
2025-04-24 00:00:00+00:00,26.651123,18.800001,0.47275007,Parak
2025-04-25 00:00:00+00:00,26.709457,17.75,0.47797918,Parak
2025-04-26 00:00:00+00:00,26.532375,13.899999,0.472875,Parak
2025-04-27 00:00:00+00:00,25.897999,11.599999,0.47039586,Parak
2025-04-28 00:00:00+00:00,25.538626,23.6,0.46635425,Parak
2025-04-29 00:00:00+00:00,27.108418,3.35,0.4640416,Parak
2025-04-30 00:00:00+00:00,26.181335,8.0,0.4597292,Parak
2025-05-01 00:00:00+00:00,26.235497,5.0,0.45531246,Parak
2025-05-02 00:00:00+00:00,26.039665,29.800003,0.45179164,Parak
2025-05-03 00:00:00+00:00,25.921959,21.7,0.4519375,Parak
2025-05-04 00:00:00+00:00,25.003208,29.1,0.45454162,Parak
2025-05-05 00:00:00+00:00,25.29175,13.35,0.46093756,Parak
2025-05-06 00:00:00+00:00,27.614666,7.7,0.45929167,Parak
2025-05-07 00:00:00+00:00,26.736542,5.2,0.4618124,Parak
2025-05-08 00:00:00+00:00,26.36571,32.3,0.46293747,Parak
2025-05-09 00:00:00+00:00,27.59383,4.7,0.45960405,Parak
2025-05-10 00:00:00+00:00,26.900084,10.799999,0.45860422,Parak
2025-05-11 00:00:00+00:00,27.344877,4.35,0.45381245,Parak
2025-05-12 00:00:00+00:00,27.804249,3.35,0.4497916,Parak
2025-05-13 00:00:00+00:00,28.244873,3.15,0.44702083,Parak
2025-05-14 00:00:00+00:00,28.388626,8.55,0.44366664,Parak
2025-05-15 00:00:00+00:00,29.113623,2.85,0.43904167,Parak
2025-05-16 00:00:00+00:00,27.320915,10.450001,0.43558338,Parak
2025-05-17 00:00:00+00:00,27.324041,10.0,0.43050003,Parak
2025-05-18 00:00:00+00:00,26.384457,28.049997,0.42827082,Parak
2025-05-19 00:00:00+00:00,26.383415,20.5,0.4266042,Parak
2025-05-20 00:00:00+00:00,26.225082,23.45,0.4253958,Parak
2025-05-21 00:00:00+00:00,26.675087,15.400001,0.42527083,Parak
2025-05-22 00:00:00+00:00,26.37196,6.2,0.42739588,Parak
2025-05-23 00:00:00+00:00,26.874043,2.05,0.42856246,Parak
2025-05-24 00:00:00+00:00,27.951122,2.35,0.42908335,Parak
2025-05-25 00:00:00+00:00,26.869875,4.5499997,0.42793745,Parak
2025-05-26 00:00:00+00:00,28.1105,0.55,0.42602074,Parak
2025-05-27 00:00:00+00:00,29.116749,1.0,0.4227708,Parak
2025-05-28 00:00:00+00:00,29.019875,0.45000002,0.42108336,Parak
2025-05-29 00:00:00+00:00,27.744877,0.45000002,0.4195209,Parak
2025-05-30 00:00:00+00:00,28.624043,3.9,0.41766673,Parak
2025-05-31 00:00:00+00:00,28.449041,1.2,0.4131667,Parak
2025-06-01 00:00:00+00:00,28.991753,10.15,0.409875,Parak
2025-06-02 00:00:00+00:00,28.776123,8.35,0.4056458,Parak
2025-06-03 00:00:00+00:00,27.777163,2.9999998,0.40277082,Parak
2025-06-04 00:00:00+00:00,27.209461,6.0,0.39947918,Parak
2025-06-05 00:00:00+00:00,26.545918,18.0,0.3960417,Parak
2025-06-06 00:00:00+00:00,26.646957,7.4999995,0.3938958,Parak
2025-06-07 00:00:00+00:00,26.003206,21.800001,0.3937708,Parak
2025-06-08 00:00:00+00:00,27.254248,6.4000006,0.39714584,Parak
2025-06-09 00:00:00+00:00,27.304249,6.35,0.39541662,Parak
2025-06-10 00:00:00+00:00,27.304249,7.1,0.3926667,Parak
2025-06-11 00:00:00+00:00,28.227165,1.4,0.39125007,Parak
2025-06-12 00:00:00+00:00,28.229248,0.35000002,0.3890417,Parak
2025-06-13 00:00:00+00:00,28.467793,2.0,0.38879162,Parak
2025-06-14 00:00:00+00:00,28.59071,1.25,0.38783336,Parak
2025-06-15 00:00:00+00:00,27.778206,23.099998,0.385875,Parak
2025-06-16 00:00:00+00:00,25.717793,10.65,0.38612503,Parak
2025-06-17 00:00:00+00:00,27.335503,4.7499995,0.38781255,Parak
2025-06-18 00:00:00+00:00,27.42092,0.0,0.38762498,Parak
2025-06-19 00:00:00+00:00,27.633415,2.45,0.3865,Parak
2025-06-20 00:00:00+00:00,24.763622,13.200001,0.38447917,Parak
2025-06-21 00:00:00+00:00,27.445915,0.0,0.38312504,Parak
2025-06-22 00:00:00+00:00,27.915707,0.2,0.38241667,Parak
2025-06-23 00:00:00+00:00,28.220915,0.05,0.3801875,Parak
2025-06-24 00:00:00+00:00,28.43446,0.0,0.37850004,Parak
2025-06-25 00:00:00+00:00,28.604252,0.1,0.377375,Parak
2025-06-26 00:00:00+00:00,28.017794,3.2,0.37664586,Parak
2025-06-27 00:00:00+00:00,27.859457,1.5,0.37581253,Parak
2025-06-28 00:00:00+00:00,26.821959,9.05,0.37379164,Parak
2025-06-29 00:00:00+00:00,27.225082,0.75,0.37087494,Parak
2025-06-30 00:00:00+00:00,27.944876,0.6,0.36808342,Parak
2025-07-01 00:00:00+00:00,28.486542,0.35,0.3673333,Parak
2025-07-02 00:00:00+00:00,26.577168,9.9,0.36739576,Parak
2025-07-03 00:00:00+00:00,27.09279,5.2999997,0.365,Parak
2025-07-04 00:00:00+00:00,27.105293,4.2,0.36358327,Parak
2025-07-05 00:00:00+00:00,27.859463,1.5,0.3632291,Parak
2025-07-06 00:00:00+00:00,28.469875,1.05,0.36237496,Parak
2025-07-07 00:00:00+00:00,27.276123,10.5,0.36066663,Parak
2025-07-08 00:00:00+00:00,26.686546,4.6499996,0.35622913,Parak
2025-07-09 00:00:00+00:00,27.92404,8.35,0.34925002,Parak
2025-07-10 00:00:00+00:00,27.032375,9.049999,0.34577084,Parak
2025-07-11 00:00:00+00:00,28.732376,0.4,0.3447917,Parak
2025-07-12 00:00:00+00:00,27.425083,7.0000005,0.3429584,Parak
2025-07-13 00:00:00+00:00,27.604248,3.25,0.34137496,Parak
2025-07-14 00:00:00+00:00,28.014668,8.5,0.3393125,Parak
2025-07-15 00:00:00+00:00,27.197998,15.35,0.33772922,Parak
2025-07-16 00:00:00+00:00,28.607372,0.95000005,0.33566666,Parak
2025-07-17 00:00:00+00:00,28.94904,0.0,0.33550006,Parak
2025-07-18 00:00:00+00:00,28.622997,0.0,0.33552086,Parak
2025-07-19 00:00:00+00:00,29.143833,0.1,0.33687502,Parak
2025-07-20 00:00:00+00:00,28.931332,2.4,0.33937502,Parak
2025-07-21 00:00:00+00:00,29.100082,1.15,0.33989578,Parak
2025-07-22 00:00:00+00:00,28.370914,0.15,0.34070837,Parak
2025-07-23 00:00:00+00:00,28.590708,0.5,0.3415625,Parak
2025-07-24 00:00:00+00:00,27.979248,3.1000001,0.3434584,Parak
2025-07-25 00:00:00+00:00,27.067787,6.3,0.343,Parak
2025-07-26 00:00:00+00:00,27.309456,3.55,0.3409584,Parak
2025-07-27 00:00:00+00:00,27.549038,3.3500001,0.33945835,Parak
2025-07-28 00:00:00+00:00,28.761541,0.15,0.33922923,Parak
2025-07-29 00:00:00+00:00,28.556335,9.0,0.34050003,Parak
2025-07-30 00:00:00+00:00,27.742794,1.3000001,0.33797914,Parak
2025-07-31 00:00:00+00:00,29.160501,1.5,0.33535415,Parak
2025-08-01 00:00:00+00:00,27.159166,1.15,0.3822917,Sabah
2025-08-02 00:00:00+00:00,27.237812,2.625,0.37915623,Sabah
2025-08-03 00:00:00+00:00,26.029999,6.825,0.3755104,Sabah
2025-08-04 00:00:00+00:00,25.852394,9.7,0.3695729,Sabah
2025-08-05 00:00:00+00:00,25.751354,12.375,0.36455208,Sabah
2025-08-06 00:00:00+00:00,24.856562,2.65,0.36248958,Sabah
2025-08-07 00:00:00+00:00,25.433643,12.025001,0.36164582,Sabah
2025-08-08 00:00:00+00:00,25.522709,9.925,0.36222914,Sabah
2025-08-09 00:00:00+00:00,25.526876,10.4,0.36318746,Sabah
2025-08-10 00:00:00+00:00,24.983646,14.175001,0.36646876,Sabah
2025-08-11 00:00:00+00:00,25.311249,17.625002,0.37068754,Sabah
2025-08-12 00:00:00+00:00,24.701876,18.650002,0.3737396,Sabah
2025-08-13 00:00:00+00:00,24.891459,5.6749997,0.3749896,Sabah
2025-08-14 00:00:00+00:00,26.016459,1.55,0.3764479,Sabah
2025-08-15 00:00:00+00:00,26.076353,6.5249996,0.3761146,Sabah
2025-08-16 00:00:00+00:00,25.543541,11.450001,0.37562498,Sabah
2025-08-17 00:00:00+00:00,24.946669,16.525,0.3768646,Sabah
2025-08-18 00:00:00+00:00,25.252918,3.825,0.37745836,Sabah
2025-08-19 00:00:00+00:00,25.53625,9.5,0.37810415,Sabah
2025-08-20 00:00:00+00:00,24.658125,23.15,0.38189584,Sabah
2025-08-21 00:00:00+00:00,24.51125,3.0500002,0.38602078,Sabah
2025-08-22 00:00:00+00:00,23.911772,1.725,0.38841665,Sabah
2025-08-23 00:00:00+00:00,24.947187,6.1749997,0.38822913,Sabah
2025-08-24 00:00:00+00:00,25.067501,9.65,0.38797915,Sabah
2025-08-25 00:00:00+00:00,25.346146,11.25,0.38803124,Sabah
2025-08-26 00:00:00+00:00,24.819061,6.225,0.38926044,Sabah
2025-08-27 00:00:00+00:00,25.86177,0.125,0.389125,Sabah
2025-08-28 00:00:00+00:00,26.469584,1.9,0.38991663,Sabah
2025-08-29 00:00:00+00:00,26.379478,13.925001,0.3884584,Sabah
2025-08-30 00:00:00+00:00,25.65448,6.125,0.3895625,Sabah
2025-08-31 00:00:00+00:00,25.497189,12.125,0.39278123,Sabah
2025-08-01 00:00:00+00:00,27.499022,20.35,0.31659377,Sarawak
2025-08-02 00:00:00+00:00,26.308918,12.849999,0.31388545,Sarawak
2025-08-03 00:00:00+00:00,26.041208,13.475,0.3128646,Sarawak
2025-08-04 00:00:00+00:00,25.300583,6.3999996,0.3124271,Sarawak
2025-08-05 00:00:00+00:00,26.042252,4.2,0.3115521,Sarawak
2025-08-06 00:00:00+00:00,25.456833,8.875,0.31155208,Sarawak
2025-08-07 00:00:00+00:00,26.041727,6.2999997,0.3105521,Sarawak
2025-08-08 00:00:00+00:00,25.99225,8.025,0.3089375,Sarawak
2025-08-09 00:00:00+00:00,24.824543,13.325001,0.3091354,Sarawak
2025-08-10 00:00:00+00:00,25.59746,4.8250003,0.3110521,Sarawak
2025-08-11 00:00:00+00:00,25.703707,11.7,0.31584376,Sarawak
2025-08-12 00:00:00+00:00,23.961,9.525,0.32054162,Sarawak
2025-08-13 00:00:00+00:00,25.376625,10.425,0.32295838,Sarawak
2025-08-14 00:00:00+00:00,25.615688,0.15,0.32608333,Sarawak
2025-08-15 00:00:00+00:00,25.939125,3.3249998,0.32715625,Sarawak
2025-08-16 00:00:00+00:00,26.375063,0.65,0.3272917,Sarawak
2025-08-17 00:00:00+00:00,26.639645,0.05,0.3271458,Sarawak
2025-08-18 00:00:00+00:00,26.89902,4.075,0.3260729,Sarawak
2025-08-19 00:00:00+00:00,26.208918,8.225,0.32528123,Sarawak
2025-08-20 00:00:00+00:00,23.670376,19.675,0.32815623,Sarawak
2025-08-21 00:00:00+00:00,24.555271,1.275,0.33286458,Sarawak
2025-08-22 00:00:00+00:00,26.216728,1.5749999,0.3338021,Sarawak
2025-08-23 00:00:00+00:00,25.664124,2.7500002,0.33348963,Sarawak
2025-08-24 00:00:00+00:00,26.21152,0.42500004,0.33260417,Sarawak
2025-08-25 00:00:00+00:00,26.262562,0.725,0.3323438,Sarawak
2025-08-26 00:00:00+00:00,25.989647,4.950001,0.33314592,Sarawak
2025-08-27 00:00:00+00:00,26.856834,0.175,0.3315417,Sarawak
2025-08-28 00:00:00+00:00,27.045895,0.2,0.33067712,Sarawak
2025-08-29 00:00:00+00:00,26.621939,8.65,0.33063543,Sarawak
2025-08-30 00:00:00+00:00,26.930792,1.0,0.32882297,Sarawak
2025-08-31 00:00:00+00:00,26.535479,0.55,0.32767707,Sarawak
2025-08-01 00:00:00+00:00,27.33236,3.5,0.34220824,Johor
2025-08-02 00:00:00+00:00,27.738607,10.033334,0.3390833,Johor
2025-08-03 00:00:00+00:00,26.649721,8.733335,0.33694443,Johor
2025-08-04 00:00:00+00:00,25.228195,27.766668,0.33629164,Johor
2025-08-05 00:00:00+00:00,26.394167,4.0333333,0.33530554,Johor
2025-08-06 00:00:00+00:00,26.682364,6.9666667,0.33279166,Johor
2025-08-07 00:00:00+00:00,27.294859,1.2333335,0.33037496,Johor
2025-08-08 00:00:00+00:00,27.284445,2.4333334,0.3288333,Johor
2025-08-09 00:00:00+00:00,27.21639,3.3333333,0.32781944,Johor
2025-08-10 00:00:00+00:00,25.777498,11.733335,0.32737496,Johor
2025-08-11 00:00:00+00:00,25.84278,4.933333,0.32661104,Johor
2025-08-12 00:00:00+00:00,26.687918,4.666667,0.3255278,Johor
2025-08-13 00:00:00+00:00,26.392776,0.0,0.3247083,Johor
2025-08-14 00:00:00+00:00,26.74903,5.633333,0.3240416,Johor
2025-08-15 00:00:00+00:00,26.14,0.6333334,0.32336107,Johor
2025-08-16 00:00:00+00:00,26.601805,1.4333333,0.32308337,Johor
2025-08-17 00:00:00+00:00,26.787222,6.0,0.32258335,Johor
2025-08-18 00:00:00+00:00,26.24,8.599999,0.322625,Johor
2025-08-19 00:00:00+00:00,25.178194,13.099999,0.32508337,Johor
2025-08-20 00:00:00+00:00,26.06153,3.6333334,0.32724994,Johor
2025-08-21 00:00:00+00:00,26.151114,0.8333333,0.3276111,Johor
2025-08-22 00:00:00+00:00,27.709442,0.59999996,0.32726392,Johor
2025-08-23 00:00:00+00:00,27.060831,8.3,0.32700002,Johor
2025-08-24 00:00:00+00:00,25.969862,0.36666667,0.3268194,Johor
2025-08-25 00:00:00+00:00,27.827501,2.6666667,0.3265277,Johor
2025-08-26 00:00:00+00:00,27.559443,2.3,0.32606938,Johor
2025-08-27 00:00:00+00:00,27.420557,2.1999998,0.3255278,Johor
2025-08-28 00:00:00+00:00,26.70111,5.7999997,0.32516667,Johor
2025-08-29 00:00:00+00:00,27.778196,1.4000001,0.3245972,Johor
2025-08-30 00:00:00+00:00,27.241388,4.4666667,0.32313886,Johor
2025-08-31 00:00:00+00:00,27.286528,12.2,0.32224998,Johor
2025-08-01 00:00:00+00:00,28.095556,2.3333333,0.32209724,Pahang
2025-08-02 00:00:00+00:00,28.18028,2.3666666,0.31943056,Pahang
2025-08-03 00:00:00+00:00,28.202501,1.3000001,0.31701386,Pahang
2025-08-04 00:00:00+00:00,25.99486,15.166667,0.31662497,Pahang
2025-08-05 00:00:00+00:00,26.815,6.2999997,0.31611112,Pahang
2025-08-06 00:00:00+00:00,26.109444,4.433334,0.31391668,Pahang
2025-08-07 00:00:00+00:00,27.024025,3.5999997,0.31201386,Pahang
2025-08-08 00:00:00+00:00,27.848335,0.56666666,0.3110694,Pahang
2025-08-09 00:00:00+00:00,27.534445,1.3666668,0.31037498,Pahang
2025-08-10 00:00:00+00:00,26.002497,11.8,0.31033334,Pahang
2025-08-11 00:00:00+00:00,26.27889,5.6,0.3100833,Pahang
2025-08-12 00:00:00+00:00,26.664999,5.0,0.30958334,Pahang
2025-08-13 00:00:00+00:00,26.876108,0.13333334,0.3091805,Pahang
2025-08-14 00:00:00+00:00,26.255972,11.099999,0.3088472,Pahang
2025-08-15 00:00:00+00:00,26.93653,1.9666666,0.3077778,Pahang
2025-08-16 00:00:00+00:00,26.977495,6.5,0.3069583,Pahang
2025-08-17 00:00:00+00:00,26.533056,9.766666,0.30547222,Pahang
2025-08-18 00:00:00+00:00,26.492777,5.8999996,0.30484724,Pahang
2025-08-19 00:00:00+00:00,26.21847,8.033334,0.30448616,Pahang
2025-08-20 00:00:00+00:00,26.18236,13.666667,0.30408332,Pahang
2025-08-21 00:00:00+00:00,26.49278,0.7333333,0.30354163,Pahang
2025-08-22 00:00:00+00:00,28.435137,0.4666667,0.30298612,Pahang
2025-08-23 00:00:00+00:00,27.554586,4.7000003,0.30269444,Pahang
2025-08-24 00:00:00+00:00,27.433748,2.3999999,0.30227777,Pahang
2025-08-25 00:00:00+00:00,28.44486,0.73333335,0.3017639,Pahang
2025-08-26 00:00:00+00:00,28.314302,1.0666666,0.30172226,Pahang
2025-08-27 00:00:00+00:00,27.135138,12.099999,0.3023611,Pahang
2025-08-28 00:00:00+00:00,26.743471,4.133333,0.30304167,Pahang
2025-08-29 00:00:00+00:00,27.193472,6.133333,0.3033333,Pahang
2025-08-30 00:00:00+00:00,27.56014,1.0333334,0.30397224,Pahang
2025-08-31 00:00:00+00:00,27.246252,3.1666667,0.30486116,Pahang
2025-08-01 00:00:00+00:00,28.262585,9.849999,0.3353125,Parak
2025-08-02 00:00:00+00:00,29.211542,1.1499999,0.3341875,Parak
2025-08-03 00:00:00+00:00,28.40529,6.2999997,0.32568753,Parak
2025-08-04 00:00:00+00:00,25.943834,19.75,0.32456255,Parak
2025-08-05 00:00:00+00:00,27.647999,2.1499999,0.32837504,Parak
2025-08-06 00:00:00+00:00,26.988625,4.8500004,0.3266667,Parak
2025-08-07 00:00:00+00:00,26.760502,11.950001,0.3224792,Parak
2025-08-08 00:00:00+00:00,26.00425,12.950001,0.31658334,Parak
2025-08-09 00:00:00+00:00,27.286541,4.5,0.3144583,Parak
2025-08-10 00:00:00+00:00,25.643833,11.85,0.31131256,Parak
2025-08-11 00:00:00+00:00,25.393833,0.45,0.31110412,Parak
2025-08-12 00:00:00+00:00,27.953209,0.25,0.30997917,Parak
2025-08-13 00:00:00+00:00,27.204247,5.2,0.30827084,Parak
2025-08-14 00:00:00+00:00,26.782373,7.0,0.3068125,Parak
2025-08-15 00:00:00+00:00,26.26154,4.25,0.3050416,Parak
2025-08-16 00:00:00+00:00,27.707375,0.0,0.3034375,Parak
2025-08-17 00:00:00+00:00,27.85633,2.5,0.3014791,Parak
2025-08-18 00:00:00+00:00,27.56258,2.05,0.29950002,Parak
2025-08-19 00:00:00+00:00,26.676125,4.1,0.2972084,Parak
2025-08-20 00:00:00+00:00,27.01675,7.25,0.29647917,Parak
2025-08-21 00:00:00+00:00,26.171959,4.2,0.29504156,Parak
2025-08-22 00:00:00+00:00,28.157375,0.1,0.29493743,Parak
2025-08-23 00:00:00+00:00,28.664665,0.4,0.29379165,Parak
2025-08-24 00:00:00+00:00,26.947998,0.3,0.2937083,Parak
2025-08-25 00:00:00+00:00,27.80529,1.85,0.2938333,Parak
2025-08-26 00:00:00+00:00,29.193832,0.1,0.2949375,Parak
2025-08-27 00:00:00+00:00,28.438622,12.250001,0.29612494,Parak
2025-08-28 00:00:00+00:00,26.244877,2.6,0.296125,Parak
2025-08-29 00:00:00+00:00,27.196959,3.8000002,0.2963958,Parak
2025-08-30 00:00:00+00:00,28.109455,0.1,0.2974583,Parak
2025-08-31 00:00:00+00:00,28.1605,4.35,0.29712498,Parak
