date,temperature_2m_mean,precipitation_sum,soil_moisture_7_to_28cm_mean,name
2025-01-01 00:00:00+00:00,2.517717,0.04,0.37709168,Rostov
2025-01-02 00:00:00+00:00,6.1393833,0.0,0.37455004,Rostov
2025-01-03 00:00:00+00:00,6.6735497,0.0,0.37291664,Rostov
2025-01-04 00:00:00+00:00,4.2556334,5.8599997,0.3730917,Rostov
2025-01-05 00:00:00+00:00,-2.6556165,0.0,0.381675,Rostov
2025-01-06 00:00:00+00:00,-3.6131167,0.02,0.38264164,Rostov
2025-01-07 00:00:00+00:00,1.8068832,0.02,0.38055,Rostov
2025-01-08 00:00:00+00:00,3.1943831,0.0,0.37725836,Rostov
2025-01-09 00:00:00+00:00,5.83855,0.0,0.37350002,Rostov
2025-01-10 00:00:00+00:00,5.609383,0.0,0.37184995,Rostov
2025-01-11 00:00:00+00:00,4.3593836,0.04,0.3697917,Rostov
2025-01-12 00:00:00+00:00,3.8193831,1.78,0.37091666,Rostov
2025-01-13 00:00:00+00:00,0.09355004,5.1400003,0.37311664,Rostov
2025-01-14 00:00:00+00:00,-2.2752001,0.02,0.37456664,Rostov
2025-01-15 00:00:00+00:00,-2.8856165,0.060000002,0.37364167,Rostov
2025-01-16 00:00:00+00:00,-0.9581167,0.22,0.3721417,Rostov
2025-01-17 00:00:00+00:00,0.37855,2.36,0.37059993,Rostov
2025-01-18 00:00:00+00:00,0.73521674,1.32,0.37134165,Rostov
2025-01-19 00:00:00+00:00,0.76646674,2.3200002,0.37538332,Rostov
2025-01-20 00:00:00+00:00,0.17771669,0.02,0.38081664,Rostov
2025-01-21 00:00:00+00:00,-0.3302,0.0,0.38161665,Rostov
2025-01-22 00:00:00+00:00,-2.0314498,0.0,0.38030827,Rostov
2025-01-23 00:00:00+00:00,-1.4668667,0.42000002,0.378525,Rostov
2025-01-24 00:00:00+00:00,-0.46269998,1.8,0.3772334,Rostov
2025-01-25 00:00:00+00:00,0.67104995,0.32,0.377525,Rostov
2025-01-26 00:00:00+00:00,1.32855,0.02,0.37826663,Rostov
2025-01-27 00:00:00+00:00,0.96896666,0.0,0.37306666,Rostov
2025-01-28 00:00:00+00:00,0.5077166,0.0,0.36949173,Rostov
2025-01-29 00:00:00+00:00,0.9489666,0.0,0.36915,Rostov
2025-01-30 00:00:00+00:00,1.88605,0.0,0.36578336,Rostov
2025-01-31 00:00:00+00:00,2.4193835,0.0,0.36188334,Rostov
2025-02-01 00:00:00+00:00,2.80105,0.02,0.3568083,Rostov
2025-02-02 00:00:00+00:00,1.9114666,0.24000001,0.34824997,Rostov
2025-02-03 00:00:00+00:00,0.75229996,4.9200006,0.34786665,Rostov
2025-02-04 00:00:00+00:00,-0.41103333,8.68,0.35383335,Rostov
2025-02-05 00:00:00+00:00,-3.0864499,0.0,0.35805836,Rostov
2025-02-06 00:00:00+00:00,-3.2606168,0.04,0.3582583,Rostov
2025-02-07 00:00:00+00:00,-4.2706165,0.0,0.35732502,Rostov
2025-02-08 00:00:00+00:00,-5.983117,0.0,0.35625002,Rostov
2025-02-09 00:00:00+00:00,-6.799783,0.060000002,0.35497504,Rostov
2025-02-10 00:00:00+00:00,-6.1527,0.0,0.35369167,Rostov
2025-02-11 00:00:00+00:00,-6.678534,0.0,0.35246664,Rostov
2025-02-12 00:00:00+00:00,-6.2864504,0.0,0.35119164,Rostov
2025-02-13 00:00:00+00:00,-6.6085334,0.0,0.34994167,Rostov
2025-02-14 00:00:00+00:00,-6.5652,0.0,0.34870833,Rostov
2025-02-15 00:00:00+00:00,-0.44395,5.66,0.34853333,Rostov
2025-02-16 00:00:00+00:00,-5.5276995,0.24000001,0.3516,Rostov
2025-02-17 00:00:00+00:00,-8.02645,0.0,0.35196668,Rostov
2025-02-18 00:00:00+00:00,-8.059366,0.0,0.35134998,Rostov
2025-02-19 00:00:00+00:00,-8.00645,0.20000002,0.35074165,Rostov
2025-02-20 00:00:00+00:00,-8.538533,0.0,0.3498333,Rostov
2025-02-21 00:00:00+00:00,-8.31895,0.0,0.34867495,Rostov
2025-02-22 00:00:00+00:00,-8.6022835,0.0,0.34750837,Rostov
2025-02-23 00:00:00+00:00,-7.4943666,2.4599998,0.34625,Rostov
2025-02-24 00:00:00+00:00,-7.330201,3.5,0.34504166,Rostov
2025-02-25 00:00:00+00:00,-10.520617,0.9200001,0.34390825,Rostov
2025-02-26 00:00:00+00:00,-13.486865,0.0,0.34287497,Rostov
2025-02-27 00:00:00+00:00,-8.681867,1.1800001,0.34188333,Rostov
2025-02-28 00:00:00+00:00,-10.11145,0.16,0.34096673,Rostov
2025-03-01 00:00:00+00:00,-12.349783,0.0,0.3401334,Rostov
2025-03-02 00:00:00+00:00,-9.3522835,0.0,0.33933327,Rostov
2025-03-03 00:00:00+00:00,-4.9722834,0.04,0.33894998,Rostov
2025-03-04 00:00:00+00:00,0.08480005,0.26000005,0.33977494,Rostov
2025-03-05 00:00:00+00:00,3.803133,0.22,0.353175,Rostov
2025-03-06 00:00:00+00:00,6.7672997,0.0,0.38027498,Rostov
2025-03-07 00:00:00+00:00,8.45355,0.0,0.3954083,Rostov
2025-03-08 00:00:00+00:00,6.4947996,0.0,0.39849168,Rostov
2025-03-09 00:00:00+00:00,4.0343833,0.0,0.39463332,Rostov
2025-03-10 00:00:00+00:00,4.3627167,0.0,0.39809164,Rostov
2025-03-11 00:00:00+00:00,6.3352165,0.0,0.40231666,Rostov
2025-03-12 00:00:00+00:00,11.350634,2.12,0.40241665,Rostov
2025-03-13 00:00:00+00:00,13.570216,0.48000002,0.38434166,Rostov
2025-03-14 00:00:00+00:00,14.940634,0.04,0.379075,Rostov
2025-03-15 00:00:00+00:00,14.441884,0.54,0.3706916,Rostov
2025-03-16 00:00:00+00:00,15.990216,1.6800001,0.35856664,Rostov
2025-03-17 00:00:00+00:00,11.173133,0.96000004,0.35246664,Rostov
2025-03-18 00:00:00+00:00,5.2052164,8.879999,0.36674166,Rostov
2025-03-19 00:00:00+00:00,2.0848002,0.64,0.38363332,Rostov
2025-03-20 00:00:00+00:00,2.8589666,0.14000002,0.39143333,Rostov
2025-03-21 00:00:00+00:00,4.3802166,0.0,0.4000833,Rostov
2025-03-22 00:00:00+00:00,5.8110495,0.120000005,0.39538333,Rostov
2025-03-23 00:00:00+00:00,5.8777165,0.14,0.39024168,Rostov
2025-03-24 00:00:00+00:00,5.60605,0.0,0.38531667,Rostov
2025-03-25 00:00:00+00:00,8.11855,1.3599999,0.38085836,Rostov
2025-03-26 00:00:00+00:00,8.145216,3.86,0.38473335,Rostov
2025-03-27 00:00:00+00:00,9.909384,0.08,0.3985,Rostov
2025-03-28 00:00:00+00:00,8.931883,0.18,0.40840834,Rostov
2025-03-29 00:00:00+00:00,8.498967,0.58000004,0.41183335,Rostov
2025-03-30 00:00:00+00:00,10.872717,7.2,0.42161664,Rostov
2025-03-31 00:00:00+00:00,12.9723,3.8,0.42684168,Rostov
2025-04-01 00:00:00+00:00,11.978967,0.32,0.4378333,Rostov
2025-04-02 00:00:00+00:00,13.040217,1.0199999,0.43151665,Rostov
2025-04-03 00:00:00+00:00,13.717717,0.9,0.43380833,Rostov
2025-04-04 00:00:00+00:00,12.767301,0.0,0.42752504,Rostov
2025-04-05 00:00:00+00:00,11.872301,7.9,0.42556667,Rostov
2025-04-06 00:00:00+00:00,11.65855,2.06,0.43909168,Rostov
2025-04-07 00:00:00+00:00,12.346883,3.8799999,0.440825,Rostov
2025-04-08 00:00:00+00:00,5.584384,1.2,0.44354162,Rostov
2025-04-09 00:00:00+00:00,3.6798,0.88,0.4415167,Rostov
2025-04-10 00:00:00+00:00,3.79105,1.46,0.435875,Rostov
2025-04-11 00:00:00+00:00,5.5256333,0.44,0.42605,Rostov
2025-04-12 00:00:00+00:00,5.862716,3.5199997,0.4231833,Rostov
2025-04-13 00:00:00+00:00,7.130633,0.26,0.42315832,Rostov
2025-04-14 00:00:00+00:00,9.49355,0.0,0.41582498,Rostov
2025-04-15 00:00:00+00:00,12.283967,0.1,0.4104,Rostov
2025-04-16 00:00:00+00:00,13.0898,0.0,0.40305,Rostov
2025-04-17 00:00:00+00:00,14.139384,0.0,0.39511672,Rostov
2025-04-18 00:00:00+00:00,14.4373,0.0,0.38435832,Rostov
2025-04-19 00:00:00+00:00,15.439801,0.0,0.37246662,Rostov
2025-04-20 00:00:00+00:00,15.594383,0.0,0.36489162,Rostov
2025-04-21 00:00:00+00:00,14.743134,0.02,0.354425,Rostov
2025-04-22 00:00:00+00:00,14.922299,0.38000003,0.342825,Rostov
2025-04-23 00:00:00+00:00,15.547299,1.96,0.32740834,Rostov
2025-04-24 00:00:00+00:00,15.5998,3.8399997,0.31406662,Rostov
2025-04-25 00:00:00+00:00,16.946884,2.9799998,0.3056833,Rostov
2025-04-26 00:00:00+00:00,15.398967,4.88,0.30121666,Rostov
2025-04-27 00:00:00+00:00,7.4960494,0.84,0.29576668,Rostov
2025-04-28 00:00:00+00:00,5.992717,0.32000002,0.30949995,Rostov
2025-04-29 00:00:00+00:00,8.459383,0.0,0.31491664,Rostov
2025-04-30 00:00:00+00:00,10.98105,0.0,0.30512494,Rostov
2025-05-01 00:00:00+00:00,14.493548,0.0,0.29260832,Rostov
2025-05-02 00:00:00+00:00,13.287717,0.1,0.28274164,Rostov
2025-05-03 00:00:00+00:00,11.8523,0.0,0.27875835,Rostov
2025-05-04 00:00:00+00:00,15.301883,0.04,0.26289168,Rostov
2025-05-05 00:00:00+00:00,17.291883,1.24,0.24574168,Rostov
2025-05-06 00:00:00+00:00,18.521465,1.64,0.23357499,Rostov
2025-05-07 00:00:00+00:00,18.761465,1.6600001,0.2159417,Rostov
2025-05-08 00:00:00+00:00,16.1998,3.8600001,0.21058336,Rostov
2025-05-09 00:00:00+00:00,16.021885,7.5199995,0.22320834,Rostov
2025-05-10 00:00:00+00:00,13.106883,2.94,0.25626665,Rostov
2025-05-11 00:00:00+00:00,12.006884,0.22,0.2738917,Rostov
2025-05-12 00:00:00+00:00,13.136467,1.8600003,0.2799,Rostov
2025-05-13 00:00:00+00:00,14.313967,2.52,0.29247501,Rostov
2025-05-14 00:00:00+00:00,13.163134,0.46000004,0.29293334,Rostov
2025-05-15 00:00:00+00:00,13.790216,0.48000002,0.28414166,Rostov
2025-05-16 00:00:00+00:00,16.0923,0.14000002,0.27345833,Rostov
2025-05-17 00:00:00+00:00,18.7523,2.94,0.2589833,Rostov
2025-05-18 00:00:00+00:00,16.881884,5.8399997,0.25304168,Rostov
2025-05-19 00:00:00+00:00,14.677716,3.78,0.26222497,Rostov
2025-05-20 00:00:00+00:00,15.270633,6.06,0.26339164,Rostov
2025-05-21 00:00:00+00:00,14.3022995,3.7199998,0.27225003,Rostov
2025-05-22 00:00:00+00:00,17.375216,0.24000001,0.26998335,Rostov
2025-05-23 00:00:00+00:00,19.505217,0.02,0.255025,Rostov
2025-05-24 00:00:00+00:00,20.796883,0.0,0.23962502,Rostov
2025-05-25 00:00:00+00:00,22.085632,0.0,0.22833332,Rostov
2025-05-26 00:00:00+00:00,21.781467,0.0,0.220225,Rostov
2025-05-27 00:00:00+00:00,21.411467,0.0,0.214925,Rostov
2025-05-28 00:00:00+00:00,21.954384,0.0,0.21271665,Rostov
2025-05-29 00:00:00+00:00,20.976467,0.96000004,0.212075,Rostov
2025-05-30 00:00:00+00:00,20.358133,1.9799999,0.20992501,Rostov
2025-05-31 00:00:00+00:00,20.158133,1.12,0.20876665,Rostov
2025-06-01 00:00:00+00:00,20.000633,4.5000005,0.20388332,Rostov
2025-06-02 00:00:00+00:00,21.268967,0.1,0.19985834,Rostov
2025-06-03 00:00:00+00:00,21.791468,0.0,0.19766665,Rostov
2025-06-04 00:00:00+00:00,23.611467,0.36,0.19284168,Rostov
2025-06-05 00:00:00+00:00,20.81355,0.0,0.188,Rostov
2025-06-06 00:00:00+00:00,21.79605,0.0,0.18913333,Rostov
2025-06-07 00:00:00+00:00,24.292717,0.0,0.18970832,Rostov
2025-06-08 00:00:00+00:00,26.474384,0.34,0.18850835,Rostov
2025-06-09 00:00:00+00:00,27.539799,0.2,0.18574168,Rostov
2025-06-10 00:00:00+00:00,25.500631,4.92,0.18571667,Rostov
2025-06-11 00:00:00+00:00,22.703133,0.0,0.18815002,Rostov
2025-06-12 00:00:00+00:00,21.606466,2.04,0.18754998,Rostov
2025-06-13 00:00:00+00:00,20.498549,0.48000002,0.18879998,Rostov
2025-06-14 00:00:00+00:00,19.391882,0.87999994,0.19202499,Rostov
2025-06-15 00:00:00+00:00,18.20105,2.02,0.19409998,Rostov
2025-06-16 00:00:00+00:00,17.229801,3.28,0.19915833,Rostov
2025-06-17 00:00:00+00:00,19.71855,1.54,0.20124166,Rostov
2025-06-18 00:00:00+00:00,19.6273,7.1799994,0.2031,Rostov
2025-06-19 00:00:00+00:00,21.16605,3.6199996,0.20358332,Rostov
2025-06-20 00:00:00+00:00,18.220215,5.1,0.2121083,Rostov
2025-06-21 00:00:00+00:00,17.229383,0.18000002,0.22309169,Rostov
2025-06-22 00:00:00+00:00,18.628965,0.64,0.21920004,Rostov
2025-06-23 00:00:00+00:00,16.71355,10.3,0.21556666,Rostov
2025-06-24 00:00:00+00:00,18.3623,3.86,0.22553334,Rostov
2025-06-25 00:00:00+00:00,19.896465,3.2999997,0.223,Rostov
2025-06-26 00:00:00+00:00,21.06855,5.62,0.22058332,Rostov
2025-06-27 00:00:00+00:00,19.469383,0.02,0.21978334,Rostov
2025-06-28 00:00:00+00:00,20.780216,5.44,0.21684167,Rostov
2025-06-29 00:00:00+00:00,19.893133,1.3599999,0.21605834,Rostov
2025-06-30 00:00:00+00:00,19.663967,1.96,0.21713336,Rostov
2025-07-01 00:00:00+00:00,19.28105,0.2,0.21730831,Rostov
2025-07-02 00:00:00+00:00,19.018967,1.8799999,0.21153335,Rostov
2025-07-03 00:00:00+00:00,18.876049,1.0,0.20747504,Rostov
2025-07-04 00:00:00+00:00,22.38355,0.0,0.20267501,Rostov
2025-07-05 00:00:00+00:00,25.249802,0.02,0.19682501,Rostov
2025-07-06 00:00:00+00:00,24.115215,0.36,0.19168332,Rostov
2025-07-07 00:00:00+00:00,26.062298,0.0,0.18924998,Rostov
2025-07-08 00:00:00+00:00,28.416468,0.0,0.18639165,Rostov
2025-07-09 00:00:00+00:00,28.015219,0.0,0.18349998,Rostov
2025-07-10 00:00:00+00:00,29.87522,0.0,0.18312496,Rostov
2025-07-11 00:00:00+00:00,29.833134,0.0,0.18359163,Rostov
2025-07-12 00:00:00+00:00,30.491467,0.0,0.18247497,Rostov
2025-07-13 00:00:00+00:00,31.588968,0.02,0.18264998,Rostov
2025-07-14 00:00:00+00:00,30.177715,0.02,0.17958333,Rostov
2025-07-15 00:00:00+00:00,28.527302,0.24000001,0.17308332,Rostov
2025-07-16 00:00:00+00:00,28.257717,0.0,0.17340833,Rostov
2025-07-17 00:00:00+00:00,28.1648,0.47999996,0.175625,Rostov
2025-07-18 00:00:00+00:00,28.848965,0.0,0.17759998,Rostov
2025-07-19 00:00:00+00:00,29.39855,0.28000003,0.17570834,Rostov
2025-07-20 00:00:00+00:00,24.125217,8.5,0.17823336,Rostov
2025-07-21 00:00:00+00:00,25.701883,0.0,0.18505,Rostov
2025-07-22 00:00:00+00:00,27.458134,0.36,0.18531671,Rostov
2025-07-23 00:00:00+00:00,27.3423,1.6600001,0.18417498,Rostov
2025-07-24 00:00:00+00:00,26.204382,0.02,0.18301669,Rostov
2025-07-25 00:00:00+00:00,25.986465,0.060000002,0.18321669,Rostov
2025-07-26 00:00:00+00:00,26.927715,1.12,0.18256666,Rostov
2025-07-27 00:00:00+00:00,25.1698,2.08,0.18386665,Rostov
2025-07-28 00:00:00+00:00,24.571884,0.0,0.1903833,Rostov
2025-07-29 00:00:00+00:00,26.688965,0.0,0.18748334,Rostov
2025-07-30 00:00:00+00:00,28.81897,0.0,0.18460831,Rostov
2025-07-31 00:00:00+00:00,29.336468,0.120000005,0.18203333,Rostov
2025-01-01 00:00:00+00:00,1.6590624,0.0,0.34673962,Belgorod
2025-01-02 00:00:00+00:00,4.0173955,0.0,0.34434372,Belgorod
2025-01-03 00:00:00+00:00,1.22625,4.425,0.34204167,Belgorod
2025-01-04 00:00:00+00:00,-2.1659377,0.8,0.34327087,Belgorod
2025-01-05 00:00:00+00:00,-4.8846874,0.0,0.34239584,Belgorod
2025-01-06 00:00:00+00:00,-4.4133334,3.4,0.34072912,Belgorod
2025-01-07 00:00:00+00:00,2.422604,2.1999998,0.3481458,Belgorod
2025-01-08 00:00:00+00:00,5.560625,2.2,0.3793854,Belgorod
2025-01-09 00:00:00+00:00,3.1616664,1.075,0.3922292,Belgorod
2025-01-10 00:00:00+00:00,4.2366667,0.1,0.38349998,Belgorod
2025-01-11 00:00:00+00:00,3.03875,2.6,0.38253123,Belgorod
2025-01-12 00:00:00+00:00,-0.87166667,0.59999996,0.3798125,Belgorod
2025-01-13 00:00:00+00:00,-2.1284375,1.1750001,0.37191668,Belgorod
2025-01-14 00:00:00+00:00,-2.66125,0.2,0.3672812,Belgorod
2025-01-15 00:00:00+00:00,-0.8107292,1.1250001,0.3634688,Belgorod
2025-01-16 00:00:00+00:00,-0.030000009,0.975,0.36033335,Belgorod
2025-01-17 00:00:00+00:00,0.8851042,0.825,0.3579167,Belgorod
2025-01-18 00:00:00+00:00,0.98354167,0.75000006,0.3585104,Belgorod
2025-01-19 00:00:00+00:00,0.059062436,0.20000002,0.3594687,Belgorod
2025-01-20 00:00:00+00:00,-0.37895834,0.0,0.35812497,Belgorod
2025-01-21 00:00:00+00:00,-1.3451041,0.0,0.35600007,Belgorod
2025-01-22 00:00:00+00:00,-2.564896,0.0,0.3536458,Belgorod
2025-01-23 00:00:00+00:00,-2.727396,0.32500005,0.3512708,Belgorod
2025-01-24 00:00:00+00:00,-1.5367708,0.5,0.34919795,Belgorod
2025-01-25 00:00:00+00:00,-0.025833279,0.22500002,0.3474375,Belgorod
2025-01-26 00:00:00+00:00,1.8830209,0.0,0.34602082,Belgorod
2025-01-27 00:00:00+00:00,2.2892709,0.17500001,0.34441665,Belgorod
2025-01-28 00:00:00+00:00,2.0491667,0.025,0.34309372,Belgorod
2025-01-29 00:00:00+00:00,2.985104,0.0,0.34147918,Belgorod
2025-01-30 00:00:00+00:00,3.6559377,0.025,0.33726037,Belgorod
2025-01-31 00:00:00+00:00,4.3580213,0.075,0.33242708,Belgorod
2025-02-01 00:00:00+00:00,2.7647917,3.35,0.33484375,Belgorod
2025-02-02 00:00:00+00:00,0.38249993,2.475,0.34678125,Belgorod
2025-02-03 00:00:00+00:00,-1.0701041,0.125,0.3493229,Belgorod
2025-02-04 00:00:00+00:00,-1.7576041,1.9749999,0.34835416,Belgorod
2025-02-05 00:00:00+00:00,-2.3966665,3.925,0.34693757,Belgorod
2025-02-06 00:00:00+00:00,-5.1852083,0.0,0.34541667,Belgorod
2025-02-07 00:00:00+00:00,-7.379479,0.0,0.3439271,Belgorod
2025-02-08 00:00:00+00:00,-7.126354,0.0,0.3425104,Belgorod
2025-02-09 00:00:00+00:00,-9.497188,0.0,0.34108332,Belgorod
2025-02-10 00:00:00+00:00,-9.065416,0.0,0.3397188,Belgorod
2025-02-11 00:00:00+00:00,-9.714895,0.0,0.3383543,Belgorod
2025-02-12 00:00:00+00:00,-8.643021,0.0,0.33699992,Belgorod
2025-02-13 00:00:00+00:00,-9.181042,0.0,0.33572912,Belgorod
2025-02-14 00:00:00+00:00,-3.960208,1.925,0.3345729,Belgorod
2025-02-15 00:00:00+00:00,-4.7440624,5.525,0.3334792,Belgorod
2025-02-16 00:00:00+00:00,-11.006563,0.22500001,0.33249995,Belgorod
2025-02-17 00:00:00+00:00,-13.348229,0.0,0.3315521,Belgorod
2025-02-18 00:00:00+00:00,-11.032604,0.025,0.33070832,Belgorod
2025-02-19 00:00:00+00:00,-10.4425,0.05,0.32988542,Belgorod
2025-02-20 00:00:00+00:00,-8.84198,1.0749999,0.32916665,Belgorod
2025-02-21 00:00:00+00:00,-9.8237505,0.0,0.32871875,Belgorod
2025-02-22 00:00:00+00:00,-11.159687,0.05,0.32788542,Belgorod
2025-02-23 00:00:00+00:00,-9.033125,0.625,0.3274687,Belgorod
2025-02-24 00:00:00+00:00,-8.706563,0.22500001,0.32682282,Belgorod
2025-02-25 00:00:00+00:00,-10.677397,0.52500004,0.32632285,Belgorod
2025-02-26 00:00:00+00:00,-10.426875,0.075,0.32576036,Belgorod
2025-02-27 00:00:00+00:00,-8.721147,0.0,0.32524997,Belgorod
2025-02-28 00:00:00+00:00,-7.237292,0.0,0.32509372,Belgorod
2025-03-01 00:00:00+00:00,-6.2987504,0.025,0.32439584,Belgorod
2025-03-02 00:00:00+00:00,-3.3367705,0.075,0.324125,Belgorod
2025-03-03 00:00:00+00:00,-0.46749997,0.9500001,0.32382292,Belgorod
2025-03-04 00:00:00+00:00,1.8423959,1.0250001,0.33625,Belgorod
2025-03-05 00:00:00+00:00,3.873125,1.1500001,0.379,Belgorod
2025-03-06 00:00:00+00:00,8.504895,0.0,0.39955208,Belgorod
2025-03-07 00:00:00+00:00,9.012188,0.0,0.399875,Belgorod
2025-03-08 00:00:00+00:00,6.114271,0.0,0.39481252,Belgorod
2025-03-09 00:00:00+00:00,6.283021,0.0,0.3902188,Belgorod
2025-03-10 00:00:00+00:00,6.420521,0.0,0.38620833,Belgorod
2025-03-11 00:00:00+00:00,5.9054165,0.05,0.38332292,Belgorod
2025-03-12 00:00:00+00:00,9.534582,1.725,0.38203123,Belgorod
2025-03-13 00:00:00+00:00,11.309583,1.875,0.3764687,Belgorod
2025-03-14 00:00:00+00:00,12.574167,0.0,0.3730521,Belgorod
2025-03-15 00:00:00+00:00,9.77,3.475,0.36822915,Belgorod
2025-03-16 00:00:00+00:00,2.9684377,6.875,0.38712502,Belgorod
2025-03-17 00:00:00+00:00,2.0085416,0.425,0.39084375,Belgorod
2025-03-18 00:00:00+00:00,-0.88833344,1.0500001,0.38179165,Belgorod
2025-03-19 00:00:00+00:00,-0.19145839,0.0,0.37721875,Belgorod
2025-03-20 00:00:00+00:00,4.056979,0.15,0.37342706,Belgorod
2025-03-21 00:00:00+00:00,5.077812,0.0,0.36760417,Belgorod
2025-03-22 00:00:00+00:00,6.3877087,0.35000002,0.3656146,Belgorod
2025-03-23 00:00:00+00:00,5.6423955,0.32500002,0.3622396,Belgorod
2025-03-24 00:00:00+00:00,7.0325003,0.025,0.36043748,Belgorod
2025-03-25 00:00:00+00:00,6.167396,7.850001,0.3623021,Belgorod
2025-03-26 00:00:00+00:00,7.9611454,0.325,0.37055212,Belgorod
2025-03-27 00:00:00+00:00,8.411666,0.275,0.37375,Belgorod
2025-03-28 00:00:00+00:00,8.435104,2.9250004,0.37862504,Belgorod
2025-03-29 00:00:00+00:00,7.9179163,4.275,0.3853541,Belgorod
2025-03-30 00:00:00+00:00,8.955936,0.2,0.37960416,Belgorod
2025-03-31 00:00:00+00:00,9.536667,10.425,0.38217708,Belgorod
2025-04-01 00:00:00+00:00,10.389271,7.325,0.41469795,Belgorod
2025-04-02 00:00:00+00:00,10.706457,0.975,0.40996873,Belgorod
2025-04-03 00:00:00+00:00,9.945,0.0,0.40248957,Belgorod
2025-04-04 00:00:00+00:00,11.941875,0.0,0.39244792,Belgorod
2025-04-05 00:00:00+00:00,12.199687,1.525,0.38823956,Belgorod
2025-04-06 00:00:00+00:00,9.895,2.625,0.39167708,Belgorod
2025-04-07 00:00:00+00:00,4.236146,1.275,0.38135418,Belgorod
2025-04-08 00:00:00+00:00,0.8028125,1.3000002,0.36095834,Belgorod
2025-04-09 00:00:00+00:00,0.7736458,0.45000002,0.33262497,Belgorod
2025-04-10 00:00:00+00:00,1.68875,0.87500006,0.32394794,Belgorod
2025-04-11 00:00:00+00:00,4.626771,0.725,0.32331252,Belgorod
2025-04-12 00:00:00+00:00,6.6074996,1.2249999,0.33682296,Belgorod
2025-04-13 00:00:00+00:00,7.8210416,0.3,0.34004164,Belgorod
2025-04-14 00:00:00+00:00,11.12625,0.05,0.3404479,Belgorod
2025-04-15 00:00:00+00:00,11.995521,0.0,0.34014583,Belgorod
2025-04-16 00:00:00+00:00,13.782499,0.0,0.33773956,Belgorod
2025-04-17 00:00:00+00:00,14.481979,0.0,0.33787498,Belgorod
2025-04-18 00:00:00+00:00,16.086666,0.0,0.3417292,Belgorod
2025-04-19 00:00:00+00:00,15.788751,0.0,0.3169271,Belgorod
2025-04-20 00:00:00+00:00,16.053333,0.0,0.309375,Belgorod
2025-04-21 00:00:00+00:00,15.783021,0.0,0.3088646,Belgorod
2025-04-22 00:00:00+00:00,16.969479,0.0,0.3002813,Belgorod
2025-04-23 00:00:00+00:00,17.672604,0.0,0.29878125,Belgorod
2025-04-24 00:00:00+00:00,17.537708,0.125,0.31440622,Belgorod
2025-04-25 00:00:00+00:00,17.547604,0.55,0.30570832,Belgorod
2025-04-26 00:00:00+00:00,8.481458,3.925,0.31006247,Belgorod
2025-04-27 00:00:00+00:00,3.6991668,2.0,0.2910833,Belgorod
2025-04-28 00:00:00+00:00,4.8559375,0.0,0.28126037,Belgorod
2025-04-29 00:00:00+00:00,11.38302,0.55,0.27633336,Belgorod
2025-04-30 00:00:00+00:00,12.995521,0.25,0.2832083,Belgorod
2025-05-01 00:00:00+00:00,12.236145,1.1,0.2888646,Belgorod
2025-05-02 00:00:00+00:00,7.8595834,0.0,0.28366673,Belgorod
2025-05-03 00:00:00+00:00,12.435104,0.225,0.27808332,Belgorod
2025-05-04 00:00:00+00:00,17.562708,0.0,0.26324996,Belgorod
2025-05-05 00:00:00+00:00,15.598125,1.7,0.24453124,Belgorod
2025-05-06 00:00:00+00:00,12.4210415,2.9,0.23911457,Belgorod
2025-05-07 00:00:00+00:00,12.664791,6.1999993,0.2429479,Belgorod
2025-05-08 00:00:00+00:00,12.155939,1.5999999,0.26134378,Belgorod
2025-05-09 00:00:00+00:00,10.505938,9.9,0.26845834,Belgorod
2025-05-10 00:00:00+00:00,7.75125,1.575,0.28428125,Belgorod
2025-05-11 00:00:00+00:00,6.773645,1.8249999,0.2885521,Belgorod
2025-05-12 00:00:00+00:00,7.9559374,5.475,0.29280207,Belgorod
2025-05-13 00:00:00+00:00,9.024687,0.975,0.29986456,Belgorod
2025-05-14 00:00:00+00:00,9.162188,1.6,0.29723963,Belgorod
2025-05-15 00:00:00+00:00,12.088229,0.325,0.29165626,Belgorod
2025-05-16 00:00:00+00:00,14.766874,0.025,0.2784479,Belgorod
2025-05-17 00:00:00+00:00,16.191875,2.375,0.26671875,Belgorod
2025-05-18 00:00:00+00:00,14.286146,8.65,0.26295835,Belgorod
2025-05-19 00:00:00+00:00,12.684062,2.075,0.27015623,Belgorod
2025-05-20 00:00:00+00:00,12.100208,2.55,0.27172917,Belgorod
2025-05-21 00:00:00+00:00,14.827292,0.65,0.27167708,Belgorod
2025-05-22 00:00:00+00:00,16.853334,0.22500001,0.26347914,Belgorod
2025-05-23 00:00:00+00:00,18.379375,0.025,0.2497917,Belgorod
2025-05-24 00:00:00+00:00,19.767395,0.05,0.23745833,Belgorod
2025-05-25 00:00:00+00:00,21.491354,0.0,0.22451043,Belgorod
2025-05-26 00:00:00+00:00,21.75594,0.0,0.21488544,Belgorod
2025-05-27 00:00:00+00:00,20.384062,0.0,0.2103125,Belgorod
2025-05-28 00:00:00+00:00,20.615833,0.25,0.20324999,Belgorod
2025-05-29 00:00:00+00:00,19.093958,1.275,0.19695835,Belgorod
2025-05-30 00:00:00+00:00,19.358543,3.1,0.19446877,Belgorod
2025-05-31 00:00:00+00:00,19.322603,5.8,0.18551041,Belgorod
2025-06-01 00:00:00+00:00,19.471043,0.25,0.18046874,Belgorod
2025-06-02 00:00:00+00:00,19.101772,0.0,0.18369791,Belgorod
2025-06-03 00:00:00+00:00,21.681458,1.725,0.18469793,Belgorod
2025-06-04 00:00:00+00:00,18.134583,5.8500004,0.17665626,Belgorod
2025-06-05 00:00:00+00:00,19.19552,0.0,0.17940623,Belgorod
2025-06-06 00:00:00+00:00,21.722605,1.05,0.17479163,Belgorod
2025-06-07 00:00:00+00:00,23.999166,1.475,0.16969793,Belgorod
2025-06-08 00:00:00+00:00,25.638748,0.0,0.16993749,Belgorod
2025-06-09 00:00:00+00:00,25.731459,0.05,0.16605207,Belgorod
2025-06-10 00:00:00+00:00,18.764791,0.875,0.1674479,Belgorod
2025-06-11 00:00:00+00:00,17.390833,0.0,0.17867708,Belgorod
2025-06-12 00:00:00+00:00,16.765312,2.425,0.1814375,Belgorod
2025-06-13 00:00:00+00:00,13.845,4.950001,0.18805209,Belgorod
2025-06-14 00:00:00+00:00,15.027812,4.925,0.2021146,Belgorod
2025-06-15 00:00:00+00:00,15.380938,8.4,0.21457292,Belgorod
2025-06-16 00:00:00+00:00,16.840834,1.8749996,0.21455207,Belgorod
2025-06-17 00:00:00+00:00,19.091354,2.825,0.20567709,Belgorod
2025-06-18 00:00:00+00:00,17.697084,2.175,0.20026042,Belgorod
2025-06-19 00:00:00+00:00,17.605417,0.90000004,0.20002082,Belgorod
2025-06-20 00:00:00+00:00,13.685625,7.2249994,0.20317708,Belgorod
2025-06-21 00:00:00+00:00,14.573126,4.425,0.21288541,Belgorod
2025-06-22 00:00:00+00:00,15.958022,2.2749999,0.22217709,Belgorod
2025-06-23 00:00:00+00:00,14.726771,3.5,0.22327083,Belgorod
2025-06-24 00:00:00+00:00,16.65229,0.9000001,0.22509374,Belgorod
2025-06-25 00:00:00+00:00,17.417915,2.075,0.2210729,Belgorod
2025-06-26 00:00:00+00:00,16.247604,10.075,0.22357291,Belgorod
2025-06-27 00:00:00+00:00,17.303333,0.45,0.22642711,Belgorod
2025-06-28 00:00:00+00:00,17.885626,11.675,0.22137497,Belgorod
2025-06-29 00:00:00+00:00,18.191875,2.225,0.22881249,Belgorod
2025-06-30 00:00:00+00:00,17.01375,0.45000002,0.23176041,Belgorod
2025-07-01 00:00:00+00:00,16.285625,0.8000001,0.23142709,Belgorod
2025-07-02 00:00:00+00:00,15.279896,7.95,0.23885417,Belgorod
2025-07-03 00:00:00+00:00,17.85698,1.8,0.24825,Belgorod
2025-07-04 00:00:00+00:00,22.791874,0.1,0.24026042,Belgorod
2025-07-05 00:00:00+00:00,20.037708,3.35,0.22677083,Belgorod
2025-07-06 00:00:00+00:00,19.390312,0.0,0.21748956,Belgorod
2025-07-07 00:00:00+00:00,23.455936,0.025,0.20748958,Belgorod
2025-07-08 00:00:00+00:00,27.044998,0.0,0.1950729,Belgorod
2025-07-09 00:00:00+00:00,28.015835,0.0,0.18825002,Belgorod
2025-07-10 00:00:00+00:00,28.195518,0.0,0.18818748,Belgorod
2025-07-11 00:00:00+00:00,28.184584,0.0,0.18698958,Belgorod
2025-07-12 00:00:00+00:00,26.601772,1.6,0.18777083,Belgorod
2025-07-13 00:00:00+00:00,26.10125,0.4,0.1850521,Belgorod
2025-07-14 00:00:00+00:00,24.045,2.2,0.17840624,Belgorod
2025-07-15 00:00:00+00:00,23.984581,0.275,0.18046877,Belgorod
2025-07-16 00:00:00+00:00,24.184063,0.025,0.18312502,Belgorod
2025-07-17 00:00:00+00:00,23.473646,2.65,0.18932292,Belgorod
2025-07-18 00:00:00+00:00,23.596043,0.2,0.18819794,Belgorod
2025-07-19 00:00:00+00:00,22.883541,9.700001,0.1908125,Belgorod
2025-07-20 00:00:00+00:00,22.673122,0.025,0.20316666,Belgorod
2025-07-21 00:00:00+00:00,21.479374,6.65,0.20403124,Belgorod
2025-07-22 00:00:00+00:00,22.48198,2.05,0.20283331,Belgorod
2025-07-23 00:00:00+00:00,21.569998,12.599998,0.20118749,Belgorod
2025-07-24 00:00:00+00:00,21.725729,2.0499997,0.20489582,Belgorod
2025-07-25 00:00:00+00:00,22.912708,1.2,0.20373957,Belgorod
2025-07-26 00:00:00+00:00,21.915312,8.9,0.20208333,Belgorod
2025-07-27 00:00:00+00:00,22.35802,0.775,0.21163543,Belgorod
2025-07-28 00:00:00+00:00,22.889791,0.0,0.21148956,Belgorod
2025-07-29 00:00:00+00:00,23.831978,0.0,0.20820837,Belgorod
2025-07-30 00:00:00+00:00,24.755417,0.67499995,0.20382291,Belgorod
2025-07-31 00:00:00+00:00,24.266354,1.125,0.20516665,Belgorod
2025-01-01 00:00:00+00:00,-2.0363002,0.96000004,0.3170917,Saratov
2025-01-02 00:00:00+00:00,1.6978667,0.9,0.31985003,Saratov
2025-01-03 00:00:00+00:00,1.05245,0.36,0.32855833,Saratov
2025-01-04 00:00:00+00:00,0.5445334,5.98,0.3509,Saratov
2025-01-05 00:00:00+00:00,-4.5392165,0.44,0.366975,Saratov
2025-01-06 00:00:00+00:00,-9.009633,0.0,0.3625167,Saratov
2025-01-07 00:00:00+00:00,-3.9233832,7.38,0.35831666,Saratov
2025-01-08 00:00:00+00:00,1.06745,0.68,0.360825,Saratov
2025-01-09 00:00:00+00:00,1.6849499,3.1200001,0.39263332,Saratov
2025-01-10 00:00:00+00:00,0.052450012,0.120000005,0.3955333,Saratov
2025-01-11 00:00:00+00:00,0.078283355,0.120000005,0.3933,Saratov
2025-01-12 00:00:00+00:00,-1.7217166,1.36,0.39048332,Saratov
2025-01-13 00:00:00+00:00,-1.7779667,1.6600001,0.38416666,Saratov
2025-01-14 00:00:00+00:00,-3.2271333,0.060000002,0.37848336,Saratov
2025-01-15 00:00:00+00:00,-2.0333834,1.3000001,0.37383333,Saratov
2025-01-16 00:00:00+00:00,-3.4338005,0.91999996,0.36999163,Saratov
2025-01-17 00:00:00+00:00,-0.66379994,4.24,0.36721668,Saratov
2025-01-18 00:00:00+00:00,-0.71379995,0.62,0.3679083,Saratov
2025-01-19 00:00:00+00:00,-0.6238,0.4,0.36689168,Saratov
2025-01-20 00:00:00+00:00,-1.0938,0.68,0.36523333,Saratov
2025-01-21 00:00:00+00:00,-8.743383,0.0,0.3626833,Saratov
2025-01-22 00:00:00+00:00,-12.037966,0.0,0.35999995,Saratov
2025-01-23 00:00:00+00:00,-11.4863,0.2,0.35735837,Saratov
2025-01-24 00:00:00+00:00,-10.249633,0.28000003,0.355025,Saratov
2025-01-25 00:00:00+00:00,-9.588384,0.16,0.35297498,Saratov
2025-01-26 00:00:00+00:00,-3.6908832,0.02,0.35116667,Saratov
2025-01-27 00:00:00+00:00,0.7195333,0.04,0.35180002,Saratov
2025-01-28 00:00:00+00:00,0.5107834,0.0,0.35445,Saratov
2025-01-29 00:00:00+00:00,-0.5658833,0.0,0.35829166,Saratov
2025-01-30 00:00:00+00:00,0.02370004,0.0,0.35854995,Saratov
2025-01-31 00:00:00+00:00,1.1045333,0.28,0.36034998,Saratov
2025-02-01 00:00:00+00:00,1.1203667,0.02,0.36289996,Saratov
2025-02-02 00:00:00+00:00,-0.12338333,1.58,0.36581665,Saratov
2025-02-03 00:00:00+00:00,-1.2987999,0.93999994,0.3657667,Saratov
2025-02-04 00:00:00+00:00,-1.8179667,5.3599997,0.36435002,Saratov
2025-02-05 00:00:00+00:00,-4.990883,0.96000004,0.36253333,Saratov
2025-02-06 00:00:00+00:00,-6.8183837,0.0,0.36053336,Saratov
2025-02-07 00:00:00+00:00,-6.4633837,0.0,0.35846663,Saratov
2025-02-08 00:00:00+00:00,-8.959633,0.0,0.356525,Saratov
2025-02-09 00:00:00+00:00,-9.6763,0.0,0.35479164,Saratov
2025-02-10 00:00:00+00:00,-8.841299,0.060000002,0.3532167,Saratov
2025-02-11 00:00:00+00:00,-8.1763,0.0,0.35183337,Saratov
2025-02-12 00:00:00+00:00,-8.4513,0.0,0.35053334,Saratov
2025-02-13 00:00:00+00:00,-10.044634,0.0,0.3493916,Saratov
2025-02-14 00:00:00+00:00,-10.002133,0.16,0.34834164,Saratov
2025-02-15 00:00:00+00:00,-5.5242167,6.7200003,0.34737498,Saratov
2025-02-16 00:00:00+00:00,-10.355884,0.52,0.3464667,Saratov
2025-02-17 00:00:00+00:00,-13.98255,0.0,0.34565002,Saratov
2025-02-18 00:00:00+00:00,-13.557966,0.0,0.34485006,Saratov
2025-02-19 00:00:00+00:00,-12.5800495,0.0,0.34420833,Saratov
2025-02-20 00:00:00+00:00,-13.915883,0.0,0.34349167,Saratov
2025-02-21 00:00:00+00:00,-13.615466,0.0,0.34304166,Saratov
2025-02-22 00:00:00+00:00,-10.8113,3.6799998,0.34230834,Saratov
2025-02-23 00:00:00+00:00,-8.109633,4.9799995,0.34190837,Saratov
2025-02-24 00:00:00+00:00,-10.566716,0.9200001,0.34147498,Saratov
2025-02-25 00:00:00+00:00,-14.429632,0.0,0.34093338,Saratov
2025-02-26 00:00:00+00:00,-11.009634,0.85999984,0.3405917,Saratov
2025-02-27 00:00:00+00:00,-10.999634,1.36,0.34015,Saratov
2025-02-28 00:00:00+00:00,-12.742551,0.0,0.3399083,Saratov
2025-03-01 00:00:00+00:00,-11.0800495,0.0,0.3395,Saratov
2025-03-02 00:00:00+00:00,-8.18755,0.060000002,0.3391833,Saratov
2025-03-03 00:00:00+00:00,-4.700883,1.5000001,0.33909997,Saratov
2025-03-04 00:00:00+00:00,-1.2638003,4.2599998,0.33919168,Saratov
2025-03-05 00:00:00+00:00,0.18786669,3.1599998,0.3414083,Saratov
2025-03-06 00:00:00+00:00,0.7795333,3.78,0.35301667,Saratov
2025-03-07 00:00:00+00:00,3.3187,0.5400001,0.40584165,Saratov
2025-03-08 00:00:00+00:00,-1.0246334,0.0,0.42323333,Saratov
2025-03-09 00:00:00+00:00,1.7949501,0.0,0.4193333,Saratov
2025-03-10 00:00:00+00:00,3.9732833,0.0,0.42110834,Saratov
2025-03-11 00:00:00+00:00,3.7132835,0.0,0.41920835,Saratov
2025-03-12 00:00:00+00:00,5.1587,0.9,0.41826662,Saratov
2025-03-13 00:00:00+00:00,7.947034,0.44,0.42008334,Saratov
2025-03-14 00:00:00+00:00,10.844533,0.58000004,0.41574162,Saratov
2025-03-15 00:00:00+00:00,9.0466175,1.6800001,0.40985003,Saratov
2025-03-16 00:00:00+00:00,5.855784,6.8199997,0.417175,Saratov
2025-03-17 00:00:00+00:00,1.7074502,4.4,0.4130833,Saratov
2025-03-18 00:00:00+00:00,1.7570331,2.34,0.4040833,Saratov
2025-03-19 00:00:00+00:00,0.7837,0.060000002,0.40117502,Saratov
2025-03-20 00:00:00+00:00,1.8987,0.04,0.3917917,Saratov
2025-03-21 00:00:00+00:00,3.4682834,0.0,0.38560835,Saratov
2025-03-22 00:00:00+00:00,4.7982836,0.32,0.3767333,Saratov
2025-03-23 00:00:00+00:00,1.7949501,0.120000005,0.37137502,Saratov
2025-03-24 00:00:00+00:00,1.9353666,0.0,0.3684833,Saratov
2025-03-25 00:00:00+00:00,4.5966163,0.1,0.362575,Saratov
2025-03-26 00:00:00+00:00,4.8228664,3.14,0.36069167,Saratov
2025-03-27 00:00:00+00:00,5.9091167,0.08,0.361475,Saratov
2025-03-28 00:00:00+00:00,6.4928665,0.34,0.3597917,Saratov
2025-03-29 00:00:00+00:00,7.4862,0.98000014,0.358825,Saratov
2025-03-30 00:00:00+00:00,7.316617,2.2,0.36246666,Saratov
2025-03-31 00:00:00+00:00,12.074117,0.120000005,0.36066666,Saratov
2025-04-01 00:00:00+00:00,13.9662,1.9200001,0.36127496,Saratov
2025-04-02 00:00:00+00:00,12.334534,0.6,0.35695833,Saratov
2025-04-03 00:00:00+00:00,10.14995,0.0,0.35143334,Saratov
2025-04-04 00:00:00+00:00,9.897867,0.0,0.34896666,Saratov
2025-04-05 00:00:00+00:00,13.095367,0.14,0.34623328,Saratov
2025-04-06 00:00:00+00:00,11.100367,2.6200001,0.34236667,Saratov
2025-04-07 00:00:00+00:00,11.247866,0.1,0.34628335,Saratov
2025-04-08 00:00:00+00:00,7.846617,8.400001,0.36307502,Saratov
2025-04-09 00:00:00+00:00,3.0174499,0.0,0.37903333,Saratov
2025-04-10 00:00:00+00:00,3.617867,0.88,0.37330002,Saratov
2025-04-11 00:00:00+00:00,3.6899498,0.3,0.363625,Saratov
2025-04-12 00:00:00+00:00,6.6157837,0.18,0.35539165,Saratov
2025-04-13 00:00:00+00:00,8.521617,0.08,0.35072502,Saratov
2025-04-14 00:00:00+00:00,7.294116,0.0,0.3458417,Saratov
2025-04-15 00:00:00+00:00,10.018283,0.0,0.342475,Saratov
2025-04-16 00:00:00+00:00,13.145784,0.0,0.33589166,Saratov
2025-04-17 00:00:00+00:00,14.5032835,0.0,0.3308083,Saratov
2025-04-18 00:00:00+00:00,16.052868,0.04,0.3246333,Saratov
2025-04-19 00:00:00+00:00,17.212866,0.0,0.314825,Saratov
2025-04-20 00:00:00+00:00,17.357868,0.0,0.31256667,Saratov
2025-04-21 00:00:00+00:00,17.270367,0.0,0.29863337,Saratov
2025-04-22 00:00:00+00:00,17.463701,0.17999999,0.28380838,Saratov
2025-04-23 00:00:00+00:00,16.300365,3.48,0.27255005,Saratov
2025-04-24 00:00:00+00:00,16.849117,0.48000002,0.26436666,Saratov
2025-04-25 00:00:00+00:00,15.728701,0.56000006,0.26023334,Saratov
2025-04-26 00:00:00+00:00,13.7237,4.0,0.25688335,Saratov
2025-04-27 00:00:00+00:00,5.2928667,1.4200001,0.260575,Saratov
2025-04-28 00:00:00+00:00,2.9782834,0.4,0.25339168,Saratov
2025-04-29 00:00:00+00:00,8.439533,0.060000002,0.24541669,Saratov
2025-04-30 00:00:00+00:00,10.429533,2.2199998,0.24436669,Saratov
2025-05-01 00:00:00+00:00,13.312451,2.1399999,0.24084166,Saratov
2025-05-02 00:00:00+00:00,11.4037,1.96,0.23372503,Saratov
2025-05-03 00:00:00+00:00,9.679117,0.0,0.23605832,Saratov
2025-05-04 00:00:00+00:00,15.570783,0.120000005,0.23131666,Saratov
2025-05-05 00:00:00+00:00,17.764532,0.04,0.22291665,Saratov
2025-05-06 00:00:00+00:00,15.179532,0.04,0.21582499,Saratov
2025-05-07 00:00:00+00:00,13.805783,1.1,0.21063335,Saratov
2025-05-08 00:00:00+00:00,13.846616,4.66,0.21143334,Saratov
2025-05-09 00:00:00+00:00,12.832034,0.02,0.21656664,Saratov
2025-05-10 00:00:00+00:00,12.3470335,4.56,0.22154999,Saratov
2025-05-11 00:00:00+00:00,10.959949,0.02,0.23179166,Saratov
2025-05-12 00:00:00+00:00,13.469533,0.1,0.22976668,Saratov
2025-05-13 00:00:00+00:00,15.390783,0.120000005,0.22741666,Saratov
2025-05-14 00:00:00+00:00,11.868283,6.839999,0.22914167,Saratov
2025-05-15 00:00:00+00:00,13.2116165,0.32,0.22827502,Saratov
2025-05-16 00:00:00+00:00,15.434117,0.02,0.22159167,Saratov
2025-05-17 00:00:00+00:00,17.37495,0.0,0.21434164,Saratov
2025-05-18 00:00:00+00:00,17.907032,1.5,0.20761666,Saratov
2025-05-19 00:00:00+00:00,14.932449,15.180002,0.21422501,Saratov
2025-05-20 00:00:00+00:00,15.3962,0.74,0.23188333,Saratov
2025-05-21 00:00:00+00:00,14.757451,1.76,0.23075001,Saratov
2025-05-22 00:00:00+00:00,16.820366,0.14,0.22877498,Saratov
2025-05-23 00:00:00+00:00,16.447866,0.0,0.22233334,Saratov
2025-05-24 00:00:00+00:00,17.3687,0.0,0.21470001,Saratov
2025-05-25 00:00:00+00:00,17.749533,0.02,0.20727499,Saratov
2025-05-26 00:00:00+00:00,17.787033,0.0,0.19952498,Saratov
2025-05-27 00:00:00+00:00,19.5887,0.0,0.19125834,Saratov
2025-05-28 00:00:00+00:00,22.025366,0.0,0.185625,Saratov
2025-05-29 00:00:00+00:00,24.499117,0.02,0.17995831,Saratov
2025-05-30 00:00:00+00:00,26.008701,0.0,0.17492498,Saratov
2025-05-31 00:00:00+00:00,25.376617,0.060000002,0.17795001,Saratov
2025-06-01 00:00:00+00:00,22.058285,2.74,0.18055832,Saratov
2025-06-02 00:00:00+00:00,17.912033,0.0,0.18006666,Saratov
2025-06-03 00:00:00+00:00,19.355368,0.0,0.18104999,Saratov
2025-06-04 00:00:00+00:00,21.005367,11.04,0.18006669,Saratov
2025-06-05 00:00:00+00:00,17.569117,11.64,0.22435836,Saratov
2025-06-06 00:00:00+00:00,18.616617,0.0,0.23983338,Saratov
2025-06-07 00:00:00+00:00,20.664118,0.02,0.23304167,Saratov
2025-06-08 00:00:00+00:00,23.199116,0.56,0.21845837,Saratov
2025-06-09 00:00:00+00:00,25.866617,0.0,0.20441668,Saratov
2025-06-10 00:00:00+00:00,24.283283,0.94000006,0.19829166,Saratov
2025-06-11 00:00:00+00:00,21.4862,0.2,0.19379166,Saratov
2025-06-12 00:00:00+00:00,21.801617,0.22,0.19006667,Saratov
2025-06-13 00:00:00+00:00,21.715366,0.44,0.18868332,Saratov
2025-06-14 00:00:00+00:00,19.476618,1.04,0.18561664,Saratov
2025-06-15 00:00:00+00:00,17.724117,3.6799998,0.19332501,Saratov
2025-06-16 00:00:00+00:00,18.514532,3.5600002,0.19248334,Saratov
2025-06-17 00:00:00+00:00,17.919117,9.12,0.18298332,Saratov
2025-06-18 00:00:00+00:00,17.608282,0.56000006,0.18758333,Saratov
2025-06-19 00:00:00+00:00,16.652033,6.02,0.19558333,Saratov
2025-06-20 00:00:00+00:00,15.999117,4.2799997,0.20345834,Saratov
2025-06-21 00:00:00+00:00,15.195368,5.72,0.21949168,Saratov
2025-06-22 00:00:00+00:00,15.6091175,2.64,0.23217502,Saratov
2025-06-23 00:00:00+00:00,17.050785,0.96000004,0.23655835,Saratov
2025-06-24 00:00:00+00:00,18.620367,0.71999997,0.23568335,Saratov
2025-06-25 00:00:00+00:00,18.008284,5.6600003,0.23061666,Saratov
2025-06-26 00:00:00+00:00,18.002449,5.66,0.23294167,Saratov
2025-06-27 00:00:00+00:00,15.134115,11.1,0.2777,Saratov
2025-06-28 00:00:00+00:00,16.030369,0.0,0.30760834,Saratov
2025-06-29 00:00:00+00:00,17.732449,0.76,0.30326664,Saratov
2025-06-30 00:00:00+00:00,17.236618,5.04,0.29959163,Saratov
2025-07-01 00:00:00+00:00,15.6803665,3.9599996,0.29805833,Saratov
2025-07-02 00:00:00+00:00,15.84745,1.3,0.2974,Saratov
2025-07-03 00:00:00+00:00,18.368282,0.52000004,0.29428333,Saratov
2025-07-04 00:00:00+00:00,21.36745,0.04,0.28315,Saratov
2025-07-05 00:00:00+00:00,21.385784,4.46,0.2687,Saratov
2025-07-06 00:00:00+00:00,18.596615,0.0,0.25830835,Saratov
2025-07-07 00:00:00+00:00,20.327032,0.0,0.24940002,Saratov
2025-07-08 00:00:00+00:00,23.4487,0.0,0.236075,Saratov
2025-07-09 00:00:00+00:00,25.727863,0.0,0.21974167,Saratov
2025-07-10 00:00:00+00:00,27.470367,0.0,0.20237501,Saratov
2025-07-11 00:00:00+00:00,28.84245,0.0,0.19350836,Saratov
2025-07-12 00:00:00+00:00,28.797033,0.060000002,0.18600002,Saratov
2025-07-13 00:00:00+00:00,26.972448,4.4000006,0.18578333,Saratov
2025-07-14 00:00:00+00:00,22.887867,4.5800004,0.197675,Saratov
2025-07-15 00:00:00+00:00,22.7312,1.0,0.21716666,Saratov
2025-07-16 00:00:00+00:00,23.294533,3.9,0.21036665,Saratov
2025-07-17 00:00:00+00:00,23.492031,2.1,0.20934169,Saratov
2025-07-18 00:00:00+00:00,23.022032,5.98,0.20808335,Saratov
2025-07-19 00:00:00+00:00,22.658699,1.7800001,0.20712498,Saratov
2025-07-20 00:00:00+00:00,23.7412,7.12,0.21033335,Saratov
2025-07-21 00:00:00+00:00,24.330784,3.6,0.22170003,Saratov
2025-07-22 00:00:00+00:00,23.987034,0.71999997,0.22228332,Saratov
2025-07-23 00:00:00+00:00,23.036617,1.12,0.22380002,Saratov
2025-07-24 00:00:00+00:00,21.52495,5.42,0.22550836,Saratov
2025-07-25 00:00:00+00:00,22.43745,1.8799999,0.22470002,Saratov
2025-07-26 00:00:00+00:00,19.47745,0.0,0.22167496,Saratov
2025-07-27 00:00:00+00:00,19.703701,0.0,0.21877499,Saratov
2025-07-28 00:00:00+00:00,21.132032,0.0,0.21485834,Saratov
2025-07-29 00:00:00+00:00,22.112867,0.04,0.21090834,Saratov
2025-07-30 00:00:00+00:00,24.083698,0.04,0.20394167,Saratov
2025-07-31 00:00:00+00:00,24.537867,0.2,0.20205835,Saratov
2025-01-01 00:00:00+00:00,-7.8832664,0.34,0.27200007,Altai
2025-01-02 00:00:00+00:00,-3.9540997,2.44,0.2716584,Altai
2025-01-03 00:00:00+00:00,-4.800767,5.14,0.27160007,Altai
2025-01-04 00:00:00+00:00,-3.5391,0.9,0.2713917,Altai
2025-01-05 00:00:00+00:00,-10.0891,0.0,0.2708083,Altai
2025-01-06 00:00:00+00:00,-10.387433,0.0,0.2706,Altai
2025-01-07 00:00:00+00:00,-8.293683,0.84000003,0.27056664,Altai
2025-01-08 00:00:00+00:00,-7.6015997,2.44,0.27004167,Altai
2025-01-09 00:00:00+00:00,-10.2316,3.2199998,0.27000004,Altai
2025-01-10 00:00:00+00:00,-4.6541,2.28,0.27000004,Altai
2025-01-11 00:00:00+00:00,-5.5753503,0.18000002,0.2699667,Altai
2025-01-12 00:00:00+00:00,-6.9524336,1.3,0.2698,Altai
2025-01-13 00:00:00+00:00,-12.60785,0.0,0.2698,Altai
2025-01-14 00:00:00+00:00,-9.34535,0.0,0.26970834,Altai
2025-01-15 00:00:00+00:00,-9.305767,0.0,0.26958337,Altai
2025-01-16 00:00:00+00:00,-6.114517,0.52000004,0.2692167,Altai
2025-01-17 00:00:00+00:00,-3.4782665,3.14,0.269,Altai
2025-01-18 00:00:00+00:00,-6.494517,1.0199997,0.26885834,Altai
2025-01-19 00:00:00+00:00,-5.5716,0.84000003,0.26880002,Altai
2025-01-20 00:00:00+00:00,-2.5982666,0.6,0.26873335,Altai
2025-01-21 00:00:00+00:00,-0.87243336,2.44,0.26840004,Altai
2025-01-22 00:00:00+00:00,-8.929934,5.62,0.26840004,Altai
2025-01-23 00:00:00+00:00,-20.94035,1.0200002,0.26830003,Altai
2025-01-24 00:00:00+00:00,-25.889517,0.1,0.26800835,Altai
2025-01-25 00:00:00+00:00,-18.413685,0.060000002,0.26800004,Altai
2025-01-26 00:00:00+00:00,-17.61785,0.0,0.26800004,Altai
2025-01-27 00:00:00+00:00,-12.5491,0.0,0.26800004,Altai
2025-01-28 00:00:00+00:00,-10.923266,0.64000005,0.2678417,Altai
2025-01-29 00:00:00+00:00,-8.582016,3.7599998,0.26780003,Altai
2025-01-30 00:00:00+00:00,-6.6466002,2.8799996,0.26780003,Altai
2025-01-31 00:00:00+00:00,-14.363684,1.2400001,0.2677167,Altai
2025-02-01 00:00:00+00:00,-17.362432,0.68000007,0.26740837,Altai
2025-02-02 00:00:00+00:00,-9.132851,1.1800001,0.26740003,Altai
2025-02-03 00:00:00+00:00,-9.098267,0.50000006,0.26740003,Altai
2025-02-04 00:00:00+00:00,-9.839517,0.24000001,0.2674917,Altai
2025-02-05 00:00:00+00:00,-12.102017,0.0,0.26748338,Altai
2025-02-06 00:00:00+00:00,-15.972433,0.0,0.26727504,Altai
2025-02-07 00:00:00+00:00,-19.471184,0.0,0.26720005,Altai
2025-02-08 00:00:00+00:00,-19.844099,0.1,0.26700005,Altai
2025-02-09 00:00:00+00:00,-11.432432,2.7999997,0.26700005,Altai
2025-02-10 00:00:00+00:00,-7.768267,1.3,0.26700005,Altai
2025-02-11 00:00:00+00:00,-6.522017,0.04,0.26700005,Altai
2025-02-12 00:00:00+00:00,-7.8220162,0.120000005,0.2668834,Altai
2025-02-13 00:00:00+00:00,-6.7411833,2.62,0.2666667,Altai
2025-02-14 00:00:00+00:00,-9.784933,1.0399998,0.2666,Altai
2025-02-15 00:00:00+00:00,-8.8553505,0.0,0.2666,Altai
2025-02-16 00:00:00+00:00,-10.27535,0.18,0.2666,Altai
2025-02-17 00:00:00+00:00,-12.833265,0.0,0.2666,Altai
2025-02-18 00:00:00+00:00,-13.722433,0.0,0.2666,Altai
2025-02-19 00:00:00+00:00,-13.732432,0.0,0.2666,Altai
2025-02-20 00:00:00+00:00,-12.590767,0.0,0.26653334,Altai
2025-02-21 00:00:00+00:00,-11.452017,0.0,0.2662,Altai
2025-02-22 00:00:00+00:00,-11.429517,0.0,0.26613337,Altai
2025-02-23 00:00:00+00:00,-8.852017,0.0,0.2662,Altai
2025-02-24 00:00:00+00:00,-9.91785,0.0,0.26605836,Altai
2025-02-25 00:00:00+00:00,-11.119933,0.0,0.26600003,Altai
2025-02-26 00:00:00+00:00,-7.8107667,0.0,0.26600003,Altai
2025-02-27 00:00:00+00:00,-6.47035,2.08,0.26600003,Altai
2025-02-28 00:00:00+00:00,-9.71535,1.54,0.26600003,Altai
2025-03-01 00:00:00+00:00,-10.231184,0.50000006,0.26600003,Altai
2025-03-02 00:00:00+00:00,-10.014517,0.22,0.26587504,Altai
2025-03-03 00:00:00+00:00,-10.42535,0.0,0.26580006,Altai
2025-03-04 00:00:00+00:00,-7.9770174,0.48000002,0.26578337,Altai
2025-03-05 00:00:00+00:00,-9.109517,0.16,0.26560003,Altai
2025-03-06 00:00:00+00:00,-2.6370168,2.06,0.26560003,Altai
2025-03-07 00:00:00+00:00,-1.6399333,1.7999998,0.26560003,Altai
2025-03-08 00:00:00+00:00,-6.5778503,0.20000002,0.26560003,Altai
2025-03-09 00:00:00+00:00,-5.613683,5.38,0.26560003,Altai
2025-03-10 00:00:00+00:00,-9.403267,2.0800002,0.26560003,Altai
2025-03-11 00:00:00+00:00,-5.8616,3.4,0.26560003,Altai
2025-03-12 00:00:00+00:00,-13.895767,0.48000002,0.2656917,Altai
2025-03-13 00:00:00+00:00,-14.96535,0.0,0.26580006,Altai
2025-03-14 00:00:00+00:00,-7.8132668,0.0,0.26580006,Altai
2025-03-15 00:00:00+00:00,-7.5207663,0.0,0.26580006,Altai
2025-03-16 00:00:00+00:00,-4.6528497,0.0,0.26580006,Altai
2025-03-17 00:00:00+00:00,0.7554834,0.47999996,0.26580006,Altai
2025-03-18 00:00:00+00:00,3.5288167,0.8,0.27204168,Altai
2025-03-19 00:00:00+00:00,3.9704833,0.0,0.30643335,Altai
2025-03-20 00:00:00+00:00,5.1525664,0.02,0.350325,Altai
2025-03-21 00:00:00+00:00,3.8067334,3.48,0.390325,Altai
2025-03-22 00:00:00+00:00,-2.985767,0.3,0.39163333,Altai
2025-03-23 00:00:00+00:00,-2.4116,0.04,0.38088334,Altai
2025-03-24 00:00:00+00:00,-4.1636834,3.6599998,0.37279165,Altai
2025-03-25 00:00:00+00:00,-6.489517,1.1200001,0.36700833,Altai
2025-03-26 00:00:00+00:00,-6.71035,0.0,0.363175,Altai
2025-03-27 00:00:00+00:00,-4.2195168,0.0,0.36064163,Altai
2025-03-28 00:00:00+00:00,-1.3986833,0.0,0.35928336,Altai
2025-03-29 00:00:00+00:00,1.11215,0.0,0.3606333,Altai
2025-03-30 00:00:00+00:00,2.3379834,0.0,0.36874166,Altai
2025-03-31 00:00:00+00:00,3.6192334,0.0,0.37863335,Altai
2025-04-01 00:00:00+00:00,4.054233,2.02,0.38657498,Altai
2025-04-02 00:00:00+00:00,1.4684,1.0600001,0.38813335,Altai
2025-04-03 00:00:00+00:00,6.132567,0.1,0.38299996,Altai
2025-04-04 00:00:00+00:00,11.711734,3.02,0.37934166,Altai
2025-04-05 00:00:00+00:00,4.40215,0.74,0.37454167,Altai
2025-04-06 00:00:00+00:00,9.374234,1.08,0.36417502,Altai
2025-04-07 00:00:00+00:00,11.120901,0.0,0.35997504,Altai
2025-04-08 00:00:00+00:00,11.211317,5.0600004,0.35500002,Altai
2025-04-09 00:00:00+00:00,7.72715,2.68,0.36484998,Altai
2025-04-10 00:00:00+00:00,8.665899,0.0,0.35503334,Altai
2025-04-11 00:00:00+00:00,14.410484,0.0,0.35214168,Altai
2025-04-12 00:00:00+00:00,18.091734,0.0,0.345825,Altai
2025-04-13 00:00:00+00:00,16.285484,0.0,0.33922496,Altai
2025-04-14 00:00:00+00:00,8.368817,5.3399997,0.33508334,Altai
2025-04-15 00:00:00+00:00,7.6713166,0.02,0.33695835,Altai
2025-04-16 00:00:00+00:00,7.756734,0.0,0.33383337,Altai
2025-04-17 00:00:00+00:00,7.2938166,1.8399999,0.32790834,Altai
2025-04-18 00:00:00+00:00,0.3784001,1.6800001,0.3166667,Altai
2025-04-19 00:00:00+00:00,-1.4791,0.9,0.31473336,Altai
2025-04-20 00:00:00+00:00,6.566317,6.1000004,0.31976667,Altai
2025-04-21 00:00:00+00:00,6.7371497,4.38,0.33598334,Altai
2025-04-22 00:00:00+00:00,7.2229834,0.14000002,0.331925,Altai
2025-04-23 00:00:00+00:00,13.682567,2.56,0.32580835,Altai
2025-04-24 00:00:00+00:00,4.643817,0.5,0.31970003,Altai
2025-04-25 00:00:00+00:00,7.7259,0.0,0.31377497,Altai
2025-04-26 00:00:00+00:00,15.025484,0.0,0.3118333,Altai
2025-04-27 00:00:00+00:00,18.749233,0.68,0.30705836,Altai
2025-04-28 00:00:00+00:00,18.137566,3.5,0.30285,Altai
2025-04-29 00:00:00+00:00,16.255484,1.9599998,0.304825,Altai
2025-04-30 00:00:00+00:00,7.6846495,0.0,0.31619164,Altai
2025-05-01 00:00:00+00:00,9.271733,0.0,0.31368333,Altai
2025-05-02 00:00:00+00:00,11.794233,0.98,0.30836663,Altai
2025-05-03 00:00:00+00:00,6.5275664,0.14000002,0.30445832,Altai
2025-05-04 00:00:00+00:00,10.548399,0.35999998,0.3076583,Altai
2025-05-05 00:00:00+00:00,13.534233,0.82,0.31151667,Altai
2025-05-06 00:00:00+00:00,12.201317,2.0800002,0.30432495,Altai
2025-05-07 00:00:00+00:00,15.8109,0.02,0.29635003,Altai
2025-05-08 00:00:00+00:00,19.050482,0.1,0.286175,Altai
2025-05-09 00:00:00+00:00,22.685066,0.48000002,0.2750833,Altai
2025-05-10 00:00:00+00:00,19.452984,1.9799999,0.268725,Altai
2025-05-11 00:00:00+00:00,13.092984,5.0800004,0.26590833,Altai
2025-05-12 00:00:00+00:00,12.325067,0.62,0.26469174,Altai
2025-05-13 00:00:00+00:00,15.647566,5.68,0.26764998,Altai
2025-05-14 00:00:00+00:00,13.523817,3.4999995,0.27619165,Altai
2025-05-15 00:00:00+00:00,13.901733,0.34,0.2763333,Altai
2025-05-16 00:00:00+00:00,16.911318,1.36,0.27225837,Altai
2025-05-17 00:00:00+00:00,22.267149,3.04,0.26440835,Altai
2025-05-18 00:00:00+00:00,18.632984,10.5199995,0.25509998,Altai
2025-05-19 00:00:00+00:00,12.463401,6.7599998,0.27724165,Altai
2025-05-20 00:00:00+00:00,15.721733,0.0,0.28380835,Altai
2025-05-21 00:00:00+00:00,18.861317,0.0,0.27525836,Altai
2025-05-22 00:00:00+00:00,21.132984,0.0,0.26238337,Altai
2025-05-23 00:00:00+00:00,22.743816,0.1,0.2502917,Altai
2025-05-24 00:00:00+00:00,14.415483,4.48,0.24769998,Altai
2025-05-25 00:00:00+00:00,14.169232,8.8,0.25805,Altai
2025-05-26 00:00:00+00:00,8.88715,2.12,0.27573332,Altai
2025-05-27 00:00:00+00:00,6.1500664,2.5,0.28342497,Altai
2025-05-28 00:00:00+00:00,7.2184,9.38,0.302775,Altai
2025-05-29 00:00:00+00:00,8.375899,0.3,0.31095836,Altai
2025-05-30 00:00:00+00:00,12.8284,0.38000003,0.300625,Altai
2025-05-31 00:00:00+00:00,17.6559,0.120000005,0.28785,Altai
2025-06-01 00:00:00+00:00,19.705898,0.0,0.27198333,Altai
2025-06-02 00:00:00+00:00,20.597569,1.3799999,0.253575,Altai
2025-06-03 00:00:00+00:00,19.9534,0.98,0.24036667,Altai
2025-06-04 00:00:00+00:00,21.628399,0.16,0.23293331,Altai
2025-06-05 00:00:00+00:00,22.03715,1.1600001,0.22368333,Altai
2025-06-06 00:00:00+00:00,21.236317,0.45999998,0.21768335,Altai
2025-06-07 00:00:00+00:00,22.946733,2.2,0.21296665,Altai
2025-06-08 00:00:00+00:00,20.08215,7.94,0.21058333,Altai
2025-06-09 00:00:00+00:00,16.410067,2.56,0.22321665,Altai
2025-06-10 00:00:00+00:00,18.382566,0.1,0.22442499,Altai
2025-06-11 00:00:00+00:00,20.8434,0.04,0.21818332,Altai
2025-06-12 00:00:00+00:00,22.524233,0.0,0.20390837,Altai
2025-06-13 00:00:00+00:00,23.665901,0.0,0.18990834,Altai
2025-06-14 00:00:00+00:00,24.06965,0.72,0.18470834,Altai
2025-06-15 00:00:00+00:00,21.871319,4.68,0.182575,Altai
2025-06-16 00:00:00+00:00,20.737984,4.44,0.18973334,Altai
2025-06-17 00:00:00+00:00,22.289234,0.18,0.18959166,Altai
2025-06-18 00:00:00+00:00,24.345484,0.02,0.18270832,Altai
2025-06-19 00:00:00+00:00,27.231731,0.1,0.17927498,Altai
2025-06-20 00:00:00+00:00,22.317566,3.3400002,0.18037501,Altai
2025-06-21 00:00:00+00:00,20.333399,3.6399999,0.18829167,Altai
2025-06-22 00:00:00+00:00,23.094233,0.24000001,0.19685833,Altai
2025-06-23 00:00:00+00:00,22.907148,3.2199998,0.19263335,Altai
2025-06-24 00:00:00+00:00,18.6184,0.96000004,0.19333334,Altai
2025-06-25 00:00:00+00:00,17.465899,8.5,0.19762501,Altai
2025-06-26 00:00:00+00:00,18.251734,0.64,0.20633335,Altai
2025-06-27 00:00:00+00:00,18.87215,7.3,0.21573333,Altai
2025-06-28 00:00:00+00:00,18.06965,4.3,0.2244833,Altai
2025-06-29 00:00:00+00:00,20.424648,1.5600001,0.23434167,Altai
2025-06-30 00:00:00+00:00,18.481733,6.9800005,0.24177499,Altai
2025-07-01 00:00:00+00:00,19.379232,5.7,0.26179165,Altai
2025-07-02 00:00:00+00:00,20.126734,9.2,0.26236668,Altai
2025-07-03 00:00:00+00:00,21.760485,0.16,0.26250833,Altai
2025-07-04 00:00:00+00:00,23.550068,0.0,0.24859166,Altai
2025-07-05 00:00:00+00:00,22.206318,12.36,0.24483332,Altai
2025-07-06 00:00:00+00:00,17.47715,15.94,0.2868417,Altai
2025-07-07 00:00:00+00:00,18.531315,11.0,0.30569166,Altai
2025-07-08 00:00:00+00:00,17.902567,6.4600005,0.32315,Altai
2025-07-09 00:00:00+00:00,17.863817,0.1,0.31819162,Altai
2025-07-10 00:00:00+00:00,19.3884,0.0,0.3053,Altai
2025-07-11 00:00:00+00:00,19.68715,9.24,0.30516666,Altai
2025-07-12 00:00:00+00:00,19.735899,5.46,0.30976665,Altai
2025-07-13 00:00:00+00:00,18.266315,0.58000004,0.30185,Altai
2025-07-14 00:00:00+00:00,18.223816,4.3399997,0.29388335,Altai
2025-07-15 00:00:00+00:00,18.276318,3.08,0.28960833,Altai
2025-07-16 00:00:00+00:00,19.8809,0.24000001,0.27976665,Altai
2025-07-17 00:00:00+00:00,22.57215,1.0,0.26334164,Altai
2025-07-18 00:00:00+00:00,22.827982,0.32,0.2494084,Altai
2025-07-19 00:00:00+00:00,20.907152,5.2599998,0.24033335,Altai
2025-07-20 00:00:00+00:00,16.885483,0.04,0.23114999,Altai
2025-07-21 00:00:00+00:00,16.937567,2.1399999,0.22595,Altai
2025-07-22 00:00:00+00:00,14.050067,0.02,0.21984999,Altai
2025-07-23 00:00:00+00:00,14.307149,0.04,0.21571665,Altai
2025-07-24 00:00:00+00:00,16.3209,0.0,0.21158333,Altai
2025-07-25 00:00:00+00:00,19.8584,0.0,0.20069167,Altai
2025-07-26 00:00:00+00:00,24.93215,0.08,0.18885002,Altai
2025-07-27 00:00:00+00:00,26.367985,1.54,0.18442503,Altai
2025-07-28 00:00:00+00:00,22.991318,0.84000003,0.18560834,Altai
2025-07-29 00:00:00+00:00,23.11965,0.0,0.18796667,Altai
2025-07-30 00:00:00+00:00,22.812984,3.44,0.18771668,Altai
2025-07-31 00:00:00+00:00,21.916733,4.84,0.185975,Altai
2025-01-01 00:00:00+00:00,5.203313,0.025,0.3517083,Stavropol
2025-01-02 00:00:00+00:00,5.2043543,0.0,0.34431255,Stavropol
2025-01-03 00:00:00+00:00,4.2663336,0.0,0.3440104,Stavropol
2025-01-04 00:00:00+00:00,3.9090414,0.725,0.34432292,Stavropol
2025-01-05 00:00:00+00:00,0.097583294,0.375,0.33887503,Stavropol
2025-01-06 00:00:00+00:00,-1.6331458,0.025,0.33632293,Stavropol
2025-01-07 00:00:00+00:00,1.1663333,0.0,0.33390623,Stavropol
2025-01-08 00:00:00+00:00,3.461125,0.0,0.3341667,Stavropol
2025-01-09 00:00:00+00:00,5.396021,0.0,0.3364063,Stavropol
2025-01-10 00:00:00+00:00,4.923625,0.0,0.3361354,Stavropol
2025-01-11 00:00:00+00:00,4.160083,0.3,0.3325625,Stavropol
2025-01-12 00:00:00+00:00,3.329354,0.0,0.33286455,Stavropol
2025-01-13 00:00:00+00:00,2.88925,3.525,0.3315313,Stavropol
2025-01-14 00:00:00+00:00,-1.3076249,2.575,0.3329583,Stavropol
2025-01-15 00:00:00+00:00,-2.2524166,0.0,0.32919788,Stavropol
2025-01-16 00:00:00+00:00,-1.3378334,0.0,0.32785416,Stavropol
2025-01-17 00:00:00+00:00,1.5106041,1.475,0.3275833,Stavropol
2025-01-18 00:00:00+00:00,1.0178958,1.2750001,0.33137494,Stavropol
2025-01-19 00:00:00+00:00,0.99341667,4.674999,0.33459377,Stavropol
2025-01-20 00:00:00+00:00,0.97050005,0.25,0.33870834,Stavropol
2025-01-21 00:00:00+00:00,1.0569583,0.0,0.33834374,Stavropol
2025-01-22 00:00:00+00:00,-0.14772914,0.125,0.33874997,Stavropol
2025-01-23 00:00:00+00:00,0.8731042,0.875,0.3411458,Stavropol
2025-01-24 00:00:00+00:00,1.5501876,0.725,0.34447914,Stavropol
2025-01-25 00:00:00+00:00,2.4819584,2.8250003,0.34907293,Stavropol
2025-01-26 00:00:00+00:00,2.6001873,0.0,0.34872916,Stavropol
2025-01-27 00:00:00+00:00,2.4064374,0.0,0.35149997,Stavropol
2025-01-28 00:00:00+00:00,2.294979,0.0,0.3476042,Stavropol
2025-01-29 00:00:00+00:00,1.8236251,0.0,0.3500625,Stavropol
2025-01-30 00:00:00+00:00,2.4303956,0.0,0.34732288,Stavropol
2025-01-31 00:00:00+00:00,2.361125,0.05,0.34429163,Stavropol
2025-02-01 00:00:00+00:00,2.9194584,0.05,0.3443854,Stavropol
2025-02-02 00:00:00+00:00,3.0053957,0.125,0.3438542,Stavropol
2025-02-03 00:00:00+00:00,4.1512294,0.2,0.34621876,Stavropol
2025-02-04 00:00:00+00:00,1.9116458,2.3999999,0.350302,Stavropol
2025-02-05 00:00:00+00:00,0.089770794,0.05,0.34945828,Stavropol
2025-02-06 00:00:00+00:00,-1.6904374,0.6500001,0.35157296,Stavropol
2025-02-07 00:00:00+00:00,-3.1425207,0.0,0.34886461,Stavropol
2025-02-08 00:00:00+00:00,-5.4284587,0.0,0.34702083,Stavropol
2025-02-09 00:00:00+00:00,-6.037313,0.0,0.34543753,Stavropol
2025-02-10 00:00:00+00:00,-4.7175207,0.0,0.34397915,Stavropol
2025-02-11 00:00:00+00:00,-3.394604,0.0,0.34260416,Stavropol
2025-02-12 00:00:00+00:00,-3.5768957,0.0,0.3413021,Stavropol
2025-02-13 00:00:00+00:00,-3.0623126,0.0,0.34012502,Stavropol
2025-02-14 00:00:00+00:00,-1.9518958,0.075,0.33905202,Stavropol
2025-02-15 00:00:00+00:00,1.5928957,1.125,0.33817708,Stavropol
2025-02-16 00:00:00+00:00,-0.67324984,1.575,0.3390104,Stavropol
2025-02-17 00:00:00+00:00,-5.14825,4.325,0.33871874,Stavropol
2025-02-18 00:00:00+00:00,-6.463354,11.000001,0.3380834,Stavropol
2025-02-19 00:00:00+00:00,-7.725854,4.2749996,0.33713546,Stavropol
2025-02-20 00:00:00+00:00,-9.6545,0.3,0.3361771,Stavropol
2025-02-21 00:00:00+00:00,-10.648771,0.47500005,0.33516663,Stavropol
2025-02-22 00:00:00+00:00,-12.608666,0.0,0.33422914,Stavropol
2025-02-23 00:00:00+00:00,-10.642521,0.825,0.33323961,Stavropol
2025-02-24 00:00:00+00:00,-6.4591875,4.3750005,0.33244795,Stavropol
2025-02-25 00:00:00+00:00,-7.8128333,1.7499999,0.33159372,Stavropol
2025-02-26 00:00:00+00:00,-13.822729,0.075,0.33079165,Stavropol
2025-02-27 00:00:00+00:00,-8.756584,1.275,0.33019787,Stavropol
2025-02-28 00:00:00+00:00,-10.090959,1.325,0.32930207,Stavropol
2025-03-01 00:00:00+00:00,-13.599812,0.0,0.32881254,Stavropol
2025-03-02 00:00:00+00:00,-11.358667,0.0,0.32813543,Stavropol
2025-03-03 00:00:00+00:00,-6.8222084,0.325,0.32754165,Stavropol
2025-03-04 00:00:00+00:00,-0.7909583,0.025,0.3273855,Stavropol
2025-03-05 00:00:00+00:00,2.3387291,0.2,0.3388021,Stavropol
2025-03-06 00:00:00+00:00,6.8496666,0.0,0.37908334,Stavropol
2025-03-07 00:00:00+00:00,9.041333,0.0,0.39878124,Stavropol
2025-03-08 00:00:00+00:00,7.442896,0.0,0.39384374,Stavropol
2025-03-09 00:00:00+00:00,4.7788334,0.0,0.38423958,Stavropol
2025-03-10 00:00:00+00:00,4.9251876,0.0,0.3787813,Stavropol
2025-03-11 00:00:00+00:00,6.686125,0.0,0.372625,Stavropol
2025-03-12 00:00:00+00:00,10.780396,0.0,0.36334375,Stavropol
2025-03-13 00:00:00+00:00,13.852792,0.05,0.3594584,Stavropol
2025-03-14 00:00:00+00:00,14.46373,0.0,0.35616666,Stavropol
2025-03-15 00:00:00+00:00,16.006437,0.0,0.34690624,Stavropol
2025-03-16 00:00:00+00:00,18.553314,0.0,0.33944786,Stavropol
2025-03-17 00:00:00+00:00,16.31425,0.9,0.33028123,Stavropol
2025-03-18 00:00:00+00:00,10.806958,8.325001,0.32569793,Stavropol
2025-03-19 00:00:00+00:00,3.458521,3.8250003,0.3518854,Stavropol
2025-03-20 00:00:00+00:00,2.9215417,0.57500005,0.37433332,Stavropol
2025-03-21 00:00:00+00:00,4.1538334,0.77500004,0.38348958,Stavropol
2025-03-22 00:00:00+00:00,4.185604,2.4250002,0.3858021,Stavropol
2025-03-23 00:00:00+00:00,4.699667,1.8750002,0.39377087,Stavropol
2025-03-24 00:00:00+00:00,5.9507084,0.0,0.3895521,Stavropol
2025-03-25 00:00:00+00:00,7.6408124,0.0,0.38163543,Stavropol
2025-03-26 00:00:00+00:00,8.317375,3.0,0.3774271,Stavropol
2025-03-27 00:00:00+00:00,11.25175,0.875,0.38616663,Stavropol
2025-03-28 00:00:00+00:00,10.2491455,0.20000002,0.3827812,Stavropol
2025-03-29 00:00:00+00:00,9.962167,0.5,0.37906247,Stavropol
2025-03-30 00:00:00+00:00,12.30852,0.375,0.37725008,Stavropol
2025-03-31 00:00:00+00:00,12.28873,3.25,0.37670833,Stavropol
2025-04-01 00:00:00+00:00,13.47675,0.0,0.3741979,Stavropol
2025-04-02 00:00:00+00:00,14.354876,1.575,0.36665624,Stavropol
2025-04-03 00:00:00+00:00,13.195499,3.1499999,0.37309372,Stavropol
2025-04-04 00:00:00+00:00,12.674667,2.8250003,0.38067707,Stavropol
2025-04-05 00:00:00+00:00,13.254875,9.85,0.37989587,Stavropol
2025-04-06 00:00:00+00:00,12.276751,1.4,0.37651044,Stavropol
2025-04-07 00:00:00+00:00,13.552272,2.475,0.37331244,Stavropol
2025-04-08 00:00:00+00:00,8.666333,1.2249999,0.36846873,Stavropol
2025-04-09 00:00:00+00:00,3.6652918,5.6000004,0.37890625,Stavropol
2025-04-10 00:00:00+00:00,3.5902917,1.45,0.39006248,Stavropol
2025-04-11 00:00:00+00:00,6.0168543,0.97499996,0.3861771,Stavropol
2025-04-12 00:00:00+00:00,4.267375,4.825,0.38567713,Stavropol
2025-04-13 00:00:00+00:00,6.200187,0.22500002,0.38183337,Stavropol
2025-04-14 00:00:00+00:00,8.906959,0.025,0.37539586,Stavropol
2025-04-15 00:00:00+00:00,10.209042,11.2,0.3770208,Stavropol
2025-04-16 00:00:00+00:00,11.024146,0.5,0.38297918,Stavropol
2025-04-17 00:00:00+00:00,11.352792,0.0,0.3724479,Stavropol
2025-04-18 00:00:00+00:00,12.354355,0.0,0.35774997,Stavropol
2025-04-19 00:00:00+00:00,13.475708,0.0,0.3457396,Stavropol
2025-04-20 00:00:00+00:00,13.781959,0.05,0.33137497,Stavropol
2025-04-21 00:00:00+00:00,12.436124,0.59999996,0.3187083,Stavropol
2025-04-22 00:00:00+00:00,14.828835,0.5,0.2986771,Stavropol
2025-04-23 00:00:00+00:00,16.160603,3.05,0.27427086,Stavropol
2025-04-24 00:00:00+00:00,16.553312,1.5999998,0.2610938,Stavropol
2025-04-25 00:00:00+00:00,15.319458,11.0,0.26708332,Stavropol
2025-04-26 00:00:00+00:00,15.544979,1.9749999,0.2699896,Stavropol
2025-04-27 00:00:00+00:00,10.156958,8.575001,0.28477085,Stavropol
2025-04-28 00:00:00+00:00,7.699667,0.05,0.2959792,Stavropol
2025-04-29 00:00:00+00:00,8.441333,0.0,0.3011042,Stavropol
2025-04-30 00:00:00+00:00,9.969978,0.125,0.29887503,Stavropol
2025-05-01 00:00:00+00:00,12.855917,0.54999995,0.2931979,Stavropol
2025-05-02 00:00:00+00:00,13.950708,4.3,0.28716666,Stavropol
2025-05-03 00:00:00+00:00,11.904876,4.625,0.29583335,Stavropol
2025-05-04 00:00:00+00:00,14.344458,0.025,0.30225003,Stavropol
2025-05-05 00:00:00+00:00,15.595501,0.1,0.28979164,Stavropol
2025-05-06 00:00:00+00:00,17.068417,1.1999999,0.28054166,Stavropol
2025-05-07 00:00:00+00:00,18.736124,0.275,0.26939577,Stavropol
2025-05-08 00:00:00+00:00,16.860085,8.575001,0.26815623,Stavropol
2025-05-09 00:00:00+00:00,17.412167,8.15,0.26527083,Stavropol
2025-05-10 00:00:00+00:00,17.260603,9.25,0.26771873,Stavropol
2025-05-11 00:00:00+00:00,12.456437,7.2749996,0.2970625,Stavropol
2025-05-12 00:00:00+00:00,14.2491455,7.55,0.31892708,Stavropol
2025-05-13 00:00:00+00:00,13.480917,20.525,0.34305206,Stavropol
2025-05-14 00:00:00+00:00,13.368417,0.59999996,0.3530625,Stavropol
2025-05-15 00:00:00+00:00,13.870501,3.025,0.34111458,Stavropol
2025-05-16 00:00:00+00:00,15.005918,0.825,0.3330729,Stavropol
2025-05-17 00:00:00+00:00,17.455917,0.2,0.3219479,Stavropol
2025-05-18 00:00:00+00:00,16.578312,5.85,0.3120729,Stavropol
2025-05-19 00:00:00+00:00,14.44029,4.8500004,0.32879168,Stavropol
2025-05-20 00:00:00+00:00,15.648626,2.425,0.32255208,Stavropol
2025-05-21 00:00:00+00:00,14.405917,0.52500004,0.3151979,Stavropol
2025-05-22 00:00:00+00:00,16.485607,0.05,0.30229163,Stavropol
2025-05-23 00:00:00+00:00,18.743938,0.0,0.28520837,Stavropol
2025-05-24 00:00:00+00:00,18.779875,0.025,0.2717917,Stavropol
2025-05-25 00:00:00+00:00,20.372583,0.0,0.25615624,Stavropol
2025-05-26 00:00:00+00:00,20.30175,0.0,0.24009374,Stavropol
2025-05-27 00:00:00+00:00,20.28248,0.0,0.23673959,Stavropol
2025-05-28 00:00:00+00:00,20.281439,3.5000002,0.23821872,Stavropol
2025-05-29 00:00:00+00:00,19.75123,1.4749999,0.24266665,Stavropol
2025-05-30 00:00:00+00:00,19.410084,3.875,0.23730211,Stavropol
2025-05-31 00:00:00+00:00,19.097063,2.125,0.23376043,Stavropol
2025-06-01 00:00:00+00:00,20.581959,0.525,0.22933334,Stavropol
2025-06-02 00:00:00+00:00,18.380398,11.0,0.2488646,Stavropol
2025-06-03 00:00:00+00:00,19.335604,4.025,0.27378124,Stavropol
2025-06-04 00:00:00+00:00,21.052792,0.025,0.263625,Stavropol
2025-06-05 00:00:00+00:00,19.41269,1.4250001,0.25371876,Stavropol
2025-06-06 00:00:00+00:00,19.778833,0.0,0.2483229,Stavropol
2025-06-07 00:00:00+00:00,20.931957,0.0,0.24108331,Stavropol
2025-06-08 00:00:00+00:00,23.56373,0.0,0.22657292,Stavropol
2025-06-09 00:00:00+00:00,24.91946,0.0,0.21251039,Stavropol
2025-06-10 00:00:00+00:00,25.030397,0.075,0.20279166,Stavropol
2025-06-11 00:00:00+00:00,23.966854,0.92499995,0.19796875,Stavropol
2025-06-12 00:00:00+00:00,22.002272,9.675,0.19776042,Stavropol
2025-06-13 00:00:00+00:00,22.262688,1.0,0.20578122,Stavropol
2025-06-14 00:00:00+00:00,18.715813,5.200001,0.20973957,Stavropol
2025-06-15 00:00:00+00:00,18.293938,2.325,0.21732295,Stavropol
2025-06-16 00:00:00+00:00,17.504875,7.3,0.2173229,Stavropol
2025-06-17 00:00:00+00:00,17.95852,2.225,0.21519792,Stavropol
2025-06-18 00:00:00+00:00,19.917376,1.75,0.21383333,Stavropol
2025-06-19 00:00:00+00:00,21.877792,0.35000002,0.21114582,Stavropol
2025-06-20 00:00:00+00:00,22.218939,0.72499996,0.20607293,Stavropol
2025-06-21 00:00:00+00:00,18.839252,0.725,0.20661458,Stavropol
2025-06-22 00:00:00+00:00,19.211126,0.025,0.20571876,Stavropol
2025-06-23 00:00:00+00:00,18.686125,5.7000003,0.19762501,Stavropol
2025-06-24 00:00:00+00:00,18.42258,0.15,0.19526039,Stavropol
2025-06-25 00:00:00+00:00,21.526228,0.05,0.19652084,Stavropol
2025-06-26 00:00:00+00:00,24.209562,0.625,0.18868752,Stavropol
2025-06-27 00:00:00+00:00,21.738728,0.0,0.18576038,Stavropol
2025-06-28 00:00:00+00:00,22.141853,0.0,0.1853854,Stavropol
2025-06-29 00:00:00+00:00,20.818417,6.65,0.1893646,Stavropol
2025-06-30 00:00:00+00:00,21.50904,0.25,0.18858333,Stavropol
2025-07-01 00:00:00+00:00,19.86269,2.0749998,0.18510415,Stavropol
2025-07-02 00:00:00+00:00,20.671022,0.075,0.19041665,Stavropol
2025-07-03 00:00:00+00:00,19.829353,0.125,0.18523957,Stavropol
2025-07-04 00:00:00+00:00,22.264252,0.0,0.17527083,Stavropol
2025-07-05 00:00:00+00:00,24.998106,0.0,0.17435417,Stavropol
2025-07-06 00:00:00+00:00,26.514252,0.0,0.16981249,Stavropol
2025-07-07 00:00:00+00:00,27.661644,0.0,0.16631252,Stavropol
2025-07-08 00:00:00+00:00,27.52675,0.0,0.16979167,Stavropol
2025-07-09 00:00:00+00:00,26.79029,0.0,0.17489582,Stavropol
2025-07-10 00:00:00+00:00,28.403833,0.0,0.18289584,Stavropol
2025-07-11 00:00:00+00:00,28.68977,0.0,0.17898957,Stavropol
2025-07-12 00:00:00+00:00,30.192371,0.0,0.17627081,Stavropol
2025-07-13 00:00:00+00:00,30.9955,0.0,0.1730833,Stavropol
2025-07-14 00:00:00+00:00,30.46529,0.17500001,0.17004167,Stavropol
2025-07-15 00:00:00+00:00,27.9955,5.225,0.17390625,Stavropol
2025-07-16 00:00:00+00:00,27.99706,0.85,0.17738542,Stavropol
2025-07-17 00:00:00+00:00,26.998102,1.4749998,0.17868753,Stavropol
2025-07-18 00:00:00+00:00,29.186123,0.0,0.18232293,Stavropol
2025-07-19 00:00:00+00:00,29.417892,0.0,0.17858335,Stavropol
2025-07-20 00:00:00+00:00,26.185604,0.15,0.18013541,Stavropol
2025-07-21 00:00:00+00:00,26.191854,0.5,0.18423958,Stavropol
2025-07-22 00:00:00+00:00,27.224667,2.5750003,0.17653129,Stavropol
2025-07-23 00:00:00+00:00,29.02154,0.05,0.16647917,Stavropol
2025-07-24 00:00:00+00:00,28.57831,0.0,0.16247915,Stavropol
2025-07-25 00:00:00+00:00,27.48821,0.0,0.16473958,Stavropol
2025-07-26 00:00:00+00:00,28.048624,0.0,0.16407292,Stavropol
2025-07-27 00:00:00+00:00,27.729874,0.0,0.16511457,Stavropol
2025-07-28 00:00:00+00:00,25.134043,0.0,0.16417708,Stavropol
2025-07-29 00:00:00+00:00,27.168415,0.0,0.16269791,Stavropol
2025-07-30 00:00:00+00:00,29.15696,0.0,0.16122915,Stavropol
2025-07-31 00:00:00+00:00,29.23352,0.25,0.1597708,Stavropol
2025-08-01 00:00:00+00:00,27.402298,0.35999998,0.18266666,Rostov
2025-08-02 00:00:00+00:00,28.076885,2.4,0.19163334,Rostov
2025-08-03 00:00:00+00:00,28.584385,0.98,0.1888417,Rostov
2025-08-04 00:00:00+00:00,27.229385,1.12,0.18448333,Rostov
2025-08-05 00:00:00+00:00,26.461054,0.0,0.18603332,Rostov
2025-08-06 00:00:00+00:00,27.802301,0.0,0.18124166,Rostov
2025-08-07 00:00:00+00:00,28.672298,0.0,0.176875,Rostov
2025-08-08 00:00:00+00:00,26.246466,0.26000002,0.17535834,Rostov
2025-08-09 00:00:00+00:00,23.943966,0.24000001,0.17548333,Rostov
2025-08-10 00:00:00+00:00,22.8823,0.1,0.175475,Rostov
2025-08-11 00:00:00+00:00,22.978134,1.26,0.17883334,Rostov
2025-08-12 00:00:00+00:00,21.103134,0.060000002,0.17926666,Rostov
2025-08-13 00:00:00+00:00,21.440216,0.04,0.18236665,Rostov
2025-08-14 00:00:00+00:00,21.832716,0.02,0.18259165,Rostov
2025-08-15 00:00:00+00:00,21.0173,0.02,0.18233332,Rostov
2025-08-16 00:00:00+00:00,22.080215,0.0,0.18338332,Rostov
2025-08-17 00:00:00+00:00,24.479801,0.0,0.18397498,Rostov
2025-08-18 00:00:00+00:00,25.705633,0.0,0.18389998,Rostov
2025-08-19 00:00:00+00:00,21.568134,0.0,0.18306667,Rostov
2025-08-20 00:00:00+00:00,23.174799,0.04,0.18227498,Rostov
2025-08-21 00:00:00+00:00,23.441465,2.5400002,0.18400832,Rostov
2025-08-22 00:00:00+00:00,25.285217,0.0,0.19000001,Rostov
2025-08-23 00:00:00+00:00,25.693548,0.2,0.18542498,Rostov
2025-08-24 00:00:00+00:00,22.261883,0.16,0.18066664,Rostov
2025-08-25 00:00:00+00:00,19.124384,0.2,0.19089998,Rostov
2025-08-26 00:00:00+00:00,17.695217,0.02,0.20483331,Rostov
2025-08-27 00:00:00+00:00,20.022717,0.0,0.20936663,Rostov
2025-08-28 00:00:00+00:00,21.543133,0.0,0.20333333,Rostov
2025-08-29 00:00:00+00:00,23.383133,0.0,0.19359164,Rostov
2025-08-30 00:00:00+00:00,25.635632,0.0,0.18738332,Rostov
2025-08-31 00:00:00+00:00,26.256048,0.0,0.18540831,Rostov
2025-08-01 00:00:00+00:00,21.647604,0.25,0.21456249,Belgorod
2025-08-02 00:00:00+00:00,21.464792,0.0,0.22085416,Belgorod
2025-08-03 00:00:00+00:00,21.090313,15.725,0.2237604,Belgorod
2025-08-04 00:00:00+00:00,21.3825,4.375,0.28260416,Belgorod
2025-08-05 00:00:00+00:00,22.161667,0.0,0.29725003,Belgorod
2025-08-06 00:00:00+00:00,22.540312,0.0,0.2854792,Belgorod
2025-08-07 00:00:00+00:00,20.686148,1.6,0.27631247,Belgorod
2025-08-08 00:00:00+00:00,18.65073,0.0,0.27128124,Belgorod
2025-08-09 00:00:00+00:00,18.505417,0.075,0.26860416,Belgorod
2025-08-10 00:00:00+00:00,18.579895,0.075,0.26535416,Belgorod
2025-08-11 00:00:00+00:00,17.469479,4.95,0.2709375,Belgorod
2025-08-12 00:00:00+00:00,17.12677,0.725,0.2799896,Belgorod
2025-08-13 00:00:00+00:00,17.991875,0.0,0.27694792,Belgorod
2025-08-14 00:00:00+00:00,17.889791,0.05,0.2688021,Belgorod
2025-08-15 00:00:00+00:00,17.50021,0.0,0.26521873,Belgorod
2025-08-16 00:00:00+00:00,19.563229,0.0,0.26575,Belgorod
2025-08-17 00:00:00+00:00,21.477291,1.3499999,0.25790626,Belgorod
2025-08-18 00:00:00+00:00,17.227814,1.95,0.2616146,Belgorod
2025-08-19 00:00:00+00:00,17.165834,0.0,0.26385415,Belgorod
2025-08-20 00:00:00+00:00,17.854374,0.0,0.26111457,Belgorod
2025-08-21 00:00:00+00:00,19.340834,0.1,0.25995833,Belgorod
2025-08-22 00:00:00+00:00,22.575207,0.025,0.25265622,Belgorod
2025-08-23 00:00:00+00:00,18.001772,18.125,0.26735416,Belgorod
2025-08-24 00:00:00+00:00,15.163751,1.1500001,0.29258335,Belgorod
2025-08-25 00:00:00+00:00,14.048124,10.599999,0.32787502,Belgorod
2025-08-26 00:00:00+00:00,13.860624,3.1000001,0.33809376,Belgorod
2025-08-27 00:00:00+00:00,14.1085415,0.1,0.34279168,Belgorod
2025-08-28 00:00:00+00:00,15.266355,0.0,0.33563542,Belgorod
2025-08-29 00:00:00+00:00,18.839792,0.0,0.32475,Belgorod
2025-08-30 00:00:00+00:00,21.048124,0.0,0.3067292,Belgorod
2025-08-31 00:00:00+00:00,22.486666,0.0,0.28228125,Belgorod
2025-08-01 00:00:00+00:00,24.8587,1.9400002,0.20063333,Saratov
2025-08-02 00:00:00+00:00,24.846617,1.0199999,0.19920835,Saratov
2025-08-03 00:00:00+00:00,26.939535,0.32,0.19908336,Saratov
2025-08-04 00:00:00+00:00,25.71995,1.78,0.20422503,Saratov
2025-08-05 00:00:00+00:00,25.329117,0.4,0.22787502,Saratov
2025-08-06 00:00:00+00:00,23.544949,0.44000006,0.23461667,Saratov
2025-08-07 00:00:00+00:00,23.98995,0.1,0.23348336,Saratov
2025-08-08 00:00:00+00:00,21.604116,0.060000002,0.23058334,Saratov
2025-08-09 00:00:00+00:00,19.513285,0.4,0.23741665,Saratov
2025-08-10 00:00:00+00:00,18.155785,0.86,0.23943333,Saratov
2025-08-11 00:00:00+00:00,19.10995,1.44,0.24240835,Saratov
2025-08-12 00:00:00+00:00,16.708284,9.26,0.25524998,Saratov
2025-08-13 00:00:00+00:00,17.967033,3.1799998,0.27477497,Saratov
2025-08-14 00:00:00+00:00,18.109533,1.54,0.29024166,Saratov
2025-08-15 00:00:00+00:00,18.019535,4.7200003,0.29839167,Saratov
2025-08-16 00:00:00+00:00,18.372452,0.22,0.30424166,Saratov
2025-08-17 00:00:00+00:00,20.534117,0.0,0.30030835,Saratov
2025-08-18 00:00:00+00:00,21.914534,2.9,0.29251665,Saratov
2025-08-19 00:00:00+00:00,17.364117,2.28,0.296225,Saratov
2025-08-20 00:00:00+00:00,17.79245,0.0,0.3055666,Saratov
2025-08-21 00:00:00+00:00,19.972866,0.02,0.30515832,Saratov
2025-08-22 00:00:00+00:00,21.425365,0.0,0.30085835,Saratov
2025-08-23 00:00:00+00:00,23.791203,1.9,0.29238328,Saratov
2025-08-24 00:00:00+00:00,20.662033,5.7799997,0.28878334,Saratov
2025-08-25 00:00:00+00:00,16.249117,2.2,0.29725832,Saratov
2025-08-26 00:00:00+00:00,16.3837,0.120000005,0.31450832,Saratov
2025-08-27 00:00:00+00:00,16.057034,0.17999999,0.3232333,Saratov
2025-08-28 00:00:00+00:00,15.227449,0.62,0.32395,Saratov
2025-08-29 00:00:00+00:00,16.606617,0.0,0.31759998,Saratov
2025-08-30 00:00:00+00:00,20.134115,0.0,0.30364165,Saratov
2025-08-31 00:00:00+00:00,22.634533,0.0,0.28115836,Saratov
2025-08-01 00:00:00+00:00,22.00215,1.76,0.18765835,Altai
2025-08-02 00:00:00+00:00,20.631315,11.6,0.199875,Altai
2025-08-03 00:00:00+00:00,14.6688175,7.4800005,0.24388333,Altai
2025-08-04 00:00:00+00:00,11.612983,3.9599998,0.26485,Altai
2025-08-05 00:00:00+00:00,11.3109,1.1200001,0.27457502,Altai
2025-08-06 00:00:00+00:00,12.049234,12.719999,0.29431665,Altai
2025-08-07 00:00:00+00:00,13.722982,0.76000005,0.30529162,Altai
2025-08-08 00:00:00+00:00,14.026317,3.86,0.3071667,Altai
2025-08-09 00:00:00+00:00,13.511732,4.32,0.312975,Altai
2025-08-10 00:00:00+00:00,15.138817,4.3599997,0.3192,Altai
2025-08-11 00:00:00+00:00,17.270067,1.34,0.31444997,Altai
2025-08-12 00:00:00+00:00,18.031315,5.8,0.30773333,Altai
2025-08-13 00:00:00+00:00,18.205067,2.7600002,0.30990833,Altai
2025-08-14 00:00:00+00:00,20.462564,0.6,0.30680835,Altai
2025-08-15 00:00:00+00:00,17.980484,3.42,0.31306666,Altai
2025-08-16 00:00:00+00:00,17.927567,4.96,0.318575,Altai
2025-08-17 00:00:00+00:00,17.544231,4.32,0.31663337,Altai
2025-08-18 00:00:00+00:00,17.390484,2.56,0.3230167,Altai
2025-08-19 00:00:00+00:00,15.334651,4.7599998,0.331425,Altai
2025-08-20 00:00:00+00:00,17.3384,1.5999998,0.33404166,Altai
2025-08-21 00:00:00+00:00,19.3384,0.0,0.324475,Altai
2025-08-22 00:00:00+00:00,19.647984,1.5200001,0.31377497,Altai
2025-08-23 00:00:00+00:00,16.831318,4.16,0.3118,Altai
2025-08-24 00:00:00+00:00,18.2234,1.4,0.30735832,Altai
2025-08-25 00:00:00+00:00,15.954651,0.42000002,0.30302498,Altai
2025-08-26 00:00:00+00:00,16.645483,0.060000002,0.29810837,Altai
2025-08-27 00:00:00+00:00,17.48965,1.3,0.29578334,Altai
2025-08-28 00:00:00+00:00,18.877983,0.0,0.28685835,Altai
2025-08-29 00:00:00+00:00,18.036732,2.4,0.2771167,Altai
2025-08-30 00:00:00+00:00,16.446735,15.5199995,0.28785834,Altai
2025-08-31 00:00:00+00:00,13.496317,17.460001,0.34118333,Altai
2025-08-01 00:00:00+00:00,29.07102,0.15,0.15856251,Stavropol
2025-08-02 00:00:00+00:00,30.1705,0.45,0.15751038,Stavropol
2025-08-03 00:00:00+00:00,29.215294,0.54999995,0.15763542,Stavropol
2025-08-04 00:00:00+00:00,28.646019,0.475,0.15647915,Stavropol
2025-08-05 00:00:00+00:00,28.913729,0.0,0.16570832,Stavropol
2025-08-06 00:00:00+00:00,29.349146,0.0,0.16310416,Stavropol
2025-08-07 00:00:00+00:00,30.629877,0.0,0.15828124,Stavropol
2025-08-08 00:00:00+00:00,25.015812,3.4249997,0.15854168,Stavropol
2025-08-09 00:00:00+00:00,24.831957,1.075,0.16427083,Stavropol
2025-08-10 00:00:00+00:00,23.885082,0.125,0.16417709,Stavropol
2025-08-11 00:00:00+00:00,24.842896,0.0,0.16652085,Stavropol
2025-08-12 00:00:00+00:00,23.494457,0.125,0.1649896,Stavropol
2025-08-13 00:00:00+00:00,22.530918,0.0,0.16388543,Stavropol
2025-08-14 00:00:00+00:00,23.148106,0.0,0.16541667,Stavropol
2025-08-15 00:00:00+00:00,22.529354,0.0,0.16553125,Stavropol
2025-08-16 00:00:00+00:00,22.390814,0.0,0.16708332,Stavropol
2025-08-17 00:00:00+00:00,24.918417,0.0,0.17329168,Stavropol
2025-08-18 00:00:00+00:00,26.05748,0.0,0.17224999,Stavropol
2025-08-19 00:00:00+00:00,25.632479,0.0,0.17047916,Stavropol
2025-08-20 00:00:00+00:00,24.810606,0.425,0.17046876,Stavropol
2025-08-21 00:00:00+00:00,22.40175,3.65,0.17766668,Stavropol
2025-08-22 00:00:00+00:00,24.363209,0.0,0.1854792,Stavropol
2025-08-23 00:00:00+00:00,25.730917,0.0,0.17659377,Stavropol
2025-08-24 00:00:00+00:00,25.152792,0.52500004,0.16940627,Stavropol
2025-08-25 00:00:00+00:00,22.295502,4.675,0.16988543,Stavropol
2025-08-26 00:00:00+00:00,18.434044,4.2999997,0.18383333,Stavropol
2025-08-27 00:00:00+00:00,21.12623,0.0,0.19313543,Stavropol
2025-08-28 00:00:00+00:00,22.668938,0.0,0.19171874,Stavropol
2025-08-29 00:00:00+00:00,24.075708,0.0,0.18696874,Stavropol
2025-08-30 00:00:00+00:00,24.710604,0.0,0.17972918,Stavropol
2025-08-31 00:00:00+00:00,25.836645,0.0,0.17680208,Stavropol
